,target_gain,EDFA_input_power_total,EDFA_output_power_total,EDFA_input_spectra_00,DUT_WSS_activated_channel_index_00,calculated_gain_spectra_00,EDFA_output_spectra_00,EDFA_input_spectra_01,DUT_WSS_activated_channel_index_01,calculated_gain_spectra_01,EDFA_output_spectra_01,EDFA_input_spectra_02,DUT_WSS_activated_channel_index_02,calculated_gain_spectra_02,EDFA_output_spectra_02,EDFA_input_spectra_03,DUT_WSS_activated_channel_index_03,calculated_gain_spectra_03,EDFA_output_spectra_03,EDFA_input_spectra_04,DUT_WSS_activated_channel_index_04,calculated_gain_spectra_04,EDFA_output_spectra_04,EDFA_input_spectra_05,DUT_WSS_activated_channel_index_05,calculated_gain_spectra_05,EDFA_output_spectra_05,EDFA_input_spectra_06,DUT_WSS_activated_channel_index_06,calculated_gain_spectra_06,EDFA_output_spectra_06,EDFA_input_spectra_07,DUT_WSS_activated_channel_index_07,calculated_gain_spectra_07,EDFA_output_spectra_07,EDFA_input_spectra_08,DUT_WSS_activated_channel_index_08,calculated_gain_spectra_08,EDFA_output_spectra_08,EDFA_input_spectra_09,DUT_WSS_activated_channel_index_09,calculated_gain_spectra_09,EDFA_output_spectra_09,EDFA_input_spectra_10,DUT_WSS_activated_channel_index_10,calculated_gain_spectra_10,EDFA_output_spectra_10,EDFA_input_spectra_11,DUT_WSS_activated_channel_index_11,calculated_gain_spectra_11,EDFA_output_spectra_11,EDFA_input_spectra_12,DUT_WSS_activated_channel_index_12,calculated_gain_spectra_12,EDFA_output_spectra_12,EDFA_input_spectra_13,DUT_WSS_activated_channel_index_13,calculated_gain_spectra_13,EDFA_output_spectra_13,EDFA_input_spectra_14,DUT_WSS_activated_channel_index_14,calculated_gain_spectra_14,EDFA_output_spectra_14,EDFA_input_spectra_15,DUT_WSS_activated_channel_index_15,calculated_gain_spectra_15,EDFA_output_spectra_15,EDFA_input_spectra_16,DUT_WSS_activated_channel_index_16,calculated_gain_spectra_16,EDFA_output_spectra_16,EDFA_input_spectra_17,DUT_WSS_activated_channel_index_17,calculated_gain_spectra_17,EDFA_output_spectra_17,EDFA_input_spectra_18,DUT_WSS_activated_channel_index_18,calculated_gain_spectra_18,EDFA_output_spectra_18,EDFA_input_spectra_19,DUT_WSS_activated_channel_index_19,calculated_gain_spectra_19,EDFA_output_spectra_19,EDFA_input_spectra_20,DUT_WSS_activated_channel_index_20,calculated_gain_spectra_20,EDFA_output_spectra_20,EDFA_input_spectra_21,DUT_WSS_activated_channel_index_21,calculated_gain_spectra_21,EDFA_output_spectra_21,EDFA_input_spectra_22,DUT_WSS_activated_channel_index_22,calculated_gain_spectra_22,EDFA_output_spectra_22,EDFA_input_spectra_23,DUT_WSS_activated_channel_index_23,calculated_gain_spectra_23,EDFA_output_spectra_23,EDFA_input_spectra_24,DUT_WSS_activated_channel_index_24,calculated_gain_spectra_24,EDFA_output_spectra_24,EDFA_input_spectra_25,DUT_WSS_activated_channel_index_25,calculated_gain_spectra_25,EDFA_output_spectra_25,EDFA_input_spectra_26,DUT_WSS_activated_channel_index_26,calculated_gain_spectra_26,EDFA_output_spectra_26,EDFA_input_spectra_27,DUT_WSS_activated_channel_index_27,calculated_gain_spectra_27,EDFA_output_spectra_27,EDFA_input_spectra_28,DUT_WSS_activated_channel_index_28,calculated_gain_spectra_28,EDFA_output_spectra_28,EDFA_input_spectra_29,DUT_WSS_activated_channel_index_29,calculated_gain_spectra_29,EDFA_output_spectra_29,EDFA_input_spectra_30,DUT_WSS_activated_channel_index_30,calculated_gain_spectra_30,EDFA_output_spectra_30,EDFA_input_spectra_31,DUT_WSS_activated_channel_index_31,calculated_gain_spectra_31,EDFA_output_spectra_31,EDFA_input_spectra_32,DUT_WSS_activated_channel_index_32,calculated_gain_spectra_32,EDFA_output_spectra_32,EDFA_input_spectra_33,DUT_WSS_activated_channel_index_33,calculated_gain_spectra_33,EDFA_output_spectra_33,EDFA_input_spectra_34,DUT_WSS_activated_channel_index_34,calculated_gain_spectra_34,EDFA_output_spectra_34,EDFA_input_spectra_35,DUT_WSS_activated_channel_index_35,calculated_gain_spectra_35,EDFA_output_spectra_35,EDFA_input_spectra_36,DUT_WSS_activated_channel_index_36,calculated_gain_spectra_36,EDFA_output_spectra_36,EDFA_input_spectra_37,DUT_WSS_activated_channel_index_37,calculated_gain_spectra_37,EDFA_output_spectra_37,EDFA_input_spectra_38,DUT_WSS_activated_channel_index_38,calculated_gain_spectra_38,EDFA_output_spectra_38,EDFA_input_spectra_39,DUT_WSS_activated_channel_index_39,calculated_gain_spectra_39,EDFA_output_spectra_39,EDFA_input_spectra_40,DUT_WSS_activated_channel_index_40,calculated_gain_spectra_40,EDFA_output_spectra_40,EDFA_input_spectra_41,DUT_WSS_activated_channel_index_41,calculated_gain_spectra_41,EDFA_output_spectra_41,EDFA_input_spectra_42,DUT_WSS_activated_channel_index_42,calculated_gain_spectra_42,EDFA_output_spectra_42,EDFA_input_spectra_43,DUT_WSS_activated_channel_index_43,calculated_gain_spectra_43,EDFA_output_spectra_43,EDFA_input_spectra_44,DUT_WSS_activated_channel_index_44,calculated_gain_spectra_44,EDFA_output_spectra_44,EDFA_input_spectra_45,DUT_WSS_activated_channel_index_45,calculated_gain_spectra_45,EDFA_output_spectra_45,EDFA_input_spectra_46,DUT_WSS_activated_channel_index_46,calculated_gain_spectra_46,EDFA_output_spectra_46,EDFA_input_spectra_47,DUT_WSS_activated_channel_index_47,calculated_gain_spectra_47,EDFA_output_spectra_47,EDFA_input_spectra_48,DUT_WSS_activated_channel_index_48,calculated_gain_spectra_48,EDFA_output_spectra_48,EDFA_input_spectra_49,DUT_WSS_activated_channel_index_49,calculated_gain_spectra_49,EDFA_output_spectra_49,EDFA_input_spectra_50,DUT_WSS_activated_channel_index_50,calculated_gain_spectra_50,EDFA_output_spectra_50,EDFA_input_spectra_51,DUT_WSS_activated_channel_index_51,calculated_gain_spectra_51,EDFA_output_spectra_51,EDFA_input_spectra_52,DUT_WSS_activated_channel_index_52,calculated_gain_spectra_52,EDFA_output_spectra_52,EDFA_input_spectra_53,DUT_WSS_activated_channel_index_53,calculated_gain_spectra_53,EDFA_output_spectra_53,EDFA_input_spectra_54,DUT_WSS_activated_channel_index_54,calculated_gain_spectra_54,EDFA_output_spectra_54,EDFA_input_spectra_55,DUT_WSS_activated_channel_index_55,calculated_gain_spectra_55,EDFA_output_spectra_55,EDFA_input_spectra_56,DUT_WSS_activated_channel_index_56,calculated_gain_spectra_56,EDFA_output_spectra_56,EDFA_input_spectra_57,DUT_WSS_activated_channel_index_57,calculated_gain_spectra_57,EDFA_output_spectra_57,EDFA_input_spectra_58,DUT_WSS_activated_channel_index_58,calculated_gain_spectra_58,EDFA_output_spectra_58,EDFA_input_spectra_59,DUT_WSS_activated_channel_index_59,calculated_gain_spectra_59,EDFA_output_spectra_59,EDFA_input_spectra_60,DUT_WSS_activated_channel_index_60,calculated_gain_spectra_60,EDFA_output_spectra_60,EDFA_input_spectra_61,DUT_WSS_activated_channel_index_61,calculated_gain_spectra_61,EDFA_output_spectra_61,EDFA_input_spectra_62,DUT_WSS_activated_channel_index_62,calculated_gain_spectra_62,EDFA_output_spectra_62,EDFA_input_spectra_63,DUT_WSS_activated_channel_index_63,calculated_gain_spectra_63,EDFA_output_spectra_63,EDFA_input_spectra_64,DUT_WSS_activated_channel_index_64,calculated_gain_spectra_64,EDFA_output_spectra_64,EDFA_input_spectra_65,DUT_WSS_activated_channel_index_65,calculated_gain_spectra_65,EDFA_output_spectra_65,EDFA_input_spectra_66,DUT_WSS_activated_channel_index_66,calculated_gain_spectra_66,EDFA_output_spectra_66,EDFA_input_spectra_67,DUT_WSS_activated_channel_index_67,calculated_gain_spectra_67,EDFA_output_spectra_67,EDFA_input_spectra_68,DUT_WSS_activated_channel_index_68,calculated_gain_spectra_68,EDFA_output_spectra_68,EDFA_input_spectra_69,DUT_WSS_activated_channel_index_69,calculated_gain_spectra_69,EDFA_output_spectra_69,EDFA_input_spectra_70,DUT_WSS_activated_channel_index_70,calculated_gain_spectra_70,EDFA_output_spectra_70,EDFA_input_spectra_71,DUT_WSS_activated_channel_index_71,calculated_gain_spectra_71,EDFA_output_spectra_71,EDFA_input_spectra_72,DUT_WSS_activated_channel_index_72,calculated_gain_spectra_72,EDFA_output_spectra_72,EDFA_input_spectra_73,DUT_WSS_activated_channel_index_73,calculated_gain_spectra_73,EDFA_output_spectra_73,EDFA_input_spectra_74,DUT_WSS_activated_channel_index_74,calculated_gain_spectra_74,EDFA_output_spectra_74,EDFA_input_spectra_75,DUT_WSS_activated_channel_index_75,calculated_gain_spectra_75,EDFA_output_spectra_75,EDFA_input_spectra_76,DUT_WSS_activated_channel_index_76,calculated_gain_spectra_76,EDFA_output_spectra_76,EDFA_input_spectra_77,DUT_WSS_activated_channel_index_77,calculated_gain_spectra_77,EDFA_output_spectra_77,EDFA_input_spectra_78,DUT_WSS_activated_channel_index_78,calculated_gain_spectra_78,EDFA_output_spectra_78,EDFA_input_spectra_79,DUT_WSS_activated_channel_index_79,calculated_gain_spectra_79,EDFA_output_spectra_79,EDFA_input_spectra_80,DUT_WSS_activated_channel_index_80,calculated_gain_spectra_80,EDFA_output_spectra_80,EDFA_input_spectra_81,DUT_WSS_activated_channel_index_81,calculated_gain_spectra_81,EDFA_output_spectra_81,EDFA_input_spectra_82,DUT_WSS_activated_channel_index_82,calculated_gain_spectra_82,EDFA_output_spectra_82,EDFA_input_spectra_83,DUT_WSS_activated_channel_index_83,calculated_gain_spectra_83,EDFA_output_spectra_83,EDFA_input_spectra_84,DUT_WSS_activated_channel_index_84,calculated_gain_spectra_84,EDFA_output_spectra_84,EDFA_input_spectra_85,DUT_WSS_activated_channel_index_85,calculated_gain_spectra_85,EDFA_output_spectra_85,EDFA_input_spectra_86,DUT_WSS_activated_channel_index_86,calculated_gain_spectra_86,EDFA_output_spectra_86,EDFA_input_spectra_87,DUT_WSS_activated_channel_index_87,calculated_gain_spectra_87,EDFA_output_spectra_87,EDFA_input_spectra_88,DUT_WSS_activated_channel_index_88,calculated_gain_spectra_88,EDFA_output_spectra_88,EDFA_input_spectra_89,DUT_WSS_activated_channel_index_89,calculated_gain_spectra_89,EDFA_output_spectra_89,EDFA_input_spectra_90,DUT_WSS_activated_channel_index_90,calculated_gain_spectra_90,EDFA_output_spectra_90,EDFA_input_spectra_91,DUT_WSS_activated_channel_index_91,calculated_gain_spectra_91,EDFA_output_spectra_91,EDFA_input_spectra_92,DUT_WSS_activated_channel_index_92,calculated_gain_spectra_92,EDFA_output_spectra_92,EDFA_input_spectra_93,DUT_WSS_activated_channel_index_93,calculated_gain_spectra_93,EDFA_output_spectra_93,EDFA_input_spectra_94,DUT_WSS_activated_channel_index_94,calculated_gain_spectra_94,EDFA_output_spectra_94
0,15.0,-1.69,13.33,-26.4,1,15.099999999999998,-11.3,-24.2,1,15.2,-9.0,-22.4,1,15.2,-7.2,-21.5,1,15.1,-6.4,-21.4,1,14.999999999999998,-6.4,-21.5,1,15.1,-6.4,-21.5,1,15.1,-6.4,-21.6,1,15.200000000000001,-6.4,-21.5,1,15.1,-6.4,-21.5,1,15.1,-6.4,-21.4,1,15.099999999999998,-6.3,-21.5,1,15.2,-6.3,-21.5,1,15.1,-6.4,-21.6,1,15.200000000000001,-6.4,-21.5,1,15.2,-6.3,-21.5,1,15.2,-6.3,-21.5,1,15.2,-6.3,-21.5,1,15.2,-6.3,-21.5,1,15.1,-6.4,-21.5,1,15.2,-6.3,-21.5,1,15.2,-6.3,-21.4,1,15.2,-6.2,-21.5,1,15.1,-6.4,-21.5,1,15.2,-6.3,-21.4,1,15.099999999999998,-6.3,-21.4,1,15.099999999999998,-6.3,-21.5,1,15.2,-6.3,-21.4,1,15.299999999999999,-6.1,-21.4,1,15.299999999999999,-6.1,-21.5,1,15.3,-6.2,-21.5,1,15.3,-6.2,-21.5,1,15.2,-6.3,-21.5,1,15.3,-6.2,-21.5,1,15.3,-6.2,-21.5,1,15.2,-6.3,-21.5,1,15.1,-6.4,-21.5,1,15.2,-6.3,-21.5,1,15.3,-6.2,-21.5,1,15.2,-6.3,-21.5,1,15.1,-6.4,-21.5,1,15.1,-6.4,-21.4,1,14.999999999999998,-6.4,-21.5,1,15.0,-6.5,-21.5,1,15.0,-6.5,-21.5,1,14.9,-6.6,-21.5,1,14.9,-6.6,-21.6,1,14.900000000000002,-6.7,-21.6,1,15.100000000000001,-6.5,-21.5,1,15.0,-6.5,-21.5,1,15.0,-6.5,-21.4,1,14.899999999999999,-6.5,-21.5,1,15.0,-6.5,-21.5,1,15.1,-6.4,-21.6,1,15.100000000000001,-6.5,-21.5,1,15.1,-6.4,-21.4,1,15.099999999999998,-6.3,-21.5,1,15.0,-6.5,-21.6,1,15.200000000000001,-6.4,-21.5,1,15.2,-6.3,-21.6,1,15.3,-6.3,-21.5,1,15.2,-6.3,-21.5,1,15.3,-6.2,-21.4,1,15.2,-6.2,-21.5,1,15.3,-6.2,-21.5,1,15.2,-6.3,-21.6,1,15.3,-6.3,-21.5,1,15.2,-6.3,-21.5,1,15.1,-6.4,-21.5,1,15.0,-6.5,-21.6,1,15.100000000000001,-6.5,-21.5,1,15.0,-6.5,-21.5,1,15.0,-6.5,-21.6,1,14.900000000000002,-6.7,-21.5,1,14.8,-6.7,-21.5,1,14.6,-6.9,-21.6,1,14.600000000000001,-7.0,-21.5,1,14.6,-6.9,-21.5,1,14.6,-6.9,-21.5,1,14.6,-6.9,-21.4,1,14.499999999999998,-6.9,-21.5,1,14.6,-6.9,-21.5,1,14.6,-6.9,-21.6,1,14.600000000000001,-7.0,-21.5,1,14.6,-6.9,-21.5,1,14.5,-7.0,-21.5,1,14.5,-7.0,-21.5,1,14.5,-7.0,-21.6,1,14.500000000000002,-7.1,-21.5,1,14.5,-7.0,-21.5,1,14.5,-7.0,-21.5,1,14.5,-7.0,-21.5,1,14.5,-7.0,-21.5,1,14.7,-6.8,-21.6,1,14.8,-6.8,-21.5,1,14.8,-6.7
1,15.0,-2.66,12.36,-26.4,1,15.099999999999998,-11.3,-24.2,1,15.2,-9.0,-22.4,1,15.099999999999998,-7.3,-22.5,1,15.1,-7.4,-22.5,1,15.1,-7.4,-22.5,1,15.1,-7.4,-22.5,1,15.0,-7.5,-22.6,1,15.200000000000001,-7.4,-22.5,1,15.1,-7.4,-22.4,1,15.099999999999998,-7.3,-22.5,1,15.2,-7.3,-22.5,1,15.2,-7.3,-22.4,1,15.099999999999998,-7.3,-22.5,1,15.2,-7.3,-22.6,1,15.3,-7.3,-22.4,1,15.099999999999998,-7.3,-22.4,1,15.2,-7.2,-22.5,1,15.2,-7.3,-22.5,1,15.1,-7.4,-22.5,1,15.2,-7.3,-22.5,1,15.3,-7.2,-22.5,1,15.2,-7.3,-22.4,1,15.099999999999998,-7.3,-22.5,1,15.2,-7.3,-22.5,1,15.2,-7.3,-22.5,1,15.2,-7.3,-22.5,1,15.2,-7.3,-22.5,1,15.3,-7.2,-22.4,1,15.299999999999999,-7.1,-22.5,1,15.2,-7.3,-22.5,1,15.3,-7.2,-22.5,1,15.2,-7.3,-22.4,1,15.2,-7.2,-22.5,1,15.2,-7.3,-22.5,1,15.2,-7.3,-22.5,1,15.2,-7.3,-22.5,1,15.2,-7.3,-22.5,1,15.2,-7.3,-22.5,1,15.1,-7.4,-22.5,1,15.0,-7.5,-22.5,1,15.0,-7.5,-22.5,1,15.1,-7.4,-22.5,1,15.0,-7.5,-22.5,1,15.0,-7.5,-22.5,1,14.9,-7.6,-22.4,1,14.899999999999999,-7.5,-22.6,1,14.900000000000002,-7.7,-22.6,1,15.100000000000001,-7.5,-22.6,1,15.000000000000002,-7.6,-22.5,1,15.0,-7.5,-22.4,1,14.899999999999999,-7.5,-22.4,1,14.999999999999998,-7.4,-22.5,1,15.1,-7.4,-22.6,1,15.100000000000001,-7.5,-22.5,1,15.1,-7.4,-22.5,1,15.1,-7.4,-22.5,1,15.1,-7.4,-22.4,1,15.099999999999998,-7.3,-22.5,1,15.2,-7.3,-22.6,1,15.3,-7.3,-22.5,1,15.2,-7.3,-22.5,1,15.3,-7.2,-22.5,1,15.3,-7.2,-22.5,1,15.3,-7.2,-22.5,1,15.2,-7.3,-22.5,1,15.2,-7.3,-22.5,1,15.2,-7.3,-22.5,1,15.1,-7.4,-22.5,1,15.1,-7.4,-22.5,1,15.1,-7.4,-22.5,1,15.0,-7.5,-22.5,1,14.9,-7.6,-22.5,1,14.9,-7.6,-22.5,1,14.8,-7.7,-22.4,1,14.599999999999998,-7.8,-22.5,1,14.5,-8.0,-22.5,1,14.6,-7.9,-22.5,1,14.6,-7.9,-22.5,1,14.6,-7.9,-22.5,1,14.6,-7.9,-22.5,1,14.6,-7.9,-22.5,1,14.6,-7.9,-22.5,1,14.6,-7.9,-22.5,1,14.5,-8.0,-22.5,1,14.6,-7.9,-22.5,1,14.5,-8.0,-22.5,1,14.5,-8.0,-22.6,1,14.500000000000002,-8.1,-22.5,1,14.5,-8.0,-22.4,1,14.399999999999999,-8.0,-22.5,1,14.5,-8.0,-22.4,1,14.499999999999998,-7.9,-22.4,1,14.599999999999998,-7.8,-22.5,1,14.7,-7.8,-22.6,1,14.8,-7.8
2,15.0,-3.65,11.38,-26.4,1,15.099999999999998,-11.3,-24.2,1,15.2,-9.0,-23.4,1,15.099999999999998,-8.3,-23.5,1,15.1,-8.4,-23.5,1,15.1,-8.4,-23.4,1,15.099999999999998,-8.3,-23.5,1,15.1,-8.4,-23.4,1,15.099999999999998,-8.3,-23.5,1,15.1,-8.4,-23.5,1,15.2,-8.3,-23.4,1,15.099999999999998,-8.3,-23.5,1,15.2,-8.3,-23.5,1,15.2,-8.3,-23.5,1,15.2,-8.3,-23.5,1,15.2,-8.3,-23.6,1,15.200000000000001,-8.4,-23.5,1,15.2,-8.3,-23.5,1,15.2,-8.3,-23.4,1,15.099999999999998,-8.3,-23.5,1,15.1,-8.4,-23.5,1,15.2,-8.3,-23.5,1,15.2,-8.3,-23.4,1,15.099999999999998,-8.3,-23.5,1,15.2,-8.3,-23.4,1,15.2,-8.2,-23.5,1,15.2,-8.3,-23.5,1,15.2,-8.3,-23.5,1,15.3,-8.2,-23.5,1,15.4,-8.1,-23.5,1,15.2,-8.3,-23.5,1,15.3,-8.2,-23.5,1,15.2,-8.3,-23.6,1,15.3,-8.3,-23.5,1,15.2,-8.3,-23.5,1,15.2,-8.3,-23.5,1,15.2,-8.3,-23.5,1,15.2,-8.3,-23.5,1,15.2,-8.3,-23.5,1,15.1,-8.4,-23.5,1,15.0,-8.5,-23.4,1,15.099999999999998,-8.3,-23.5,1,15.1,-8.4,-23.5,1,15.0,-8.5,-23.5,1,15.0,-8.5,-23.6,1,15.000000000000002,-8.6,-23.4,1,14.799999999999999,-8.6,-23.5,1,14.9,-8.6,-23.5,1,15.1,-8.4,-23.5,1,15.1,-8.4,-23.5,1,15.0,-8.5,-23.4,1,14.899999999999999,-8.5,-23.5,1,15.0,-8.5,-23.5,1,15.0,-8.5,-23.4,1,14.999999999999998,-8.4,-23.5,1,15.1,-8.4,-23.5,1,15.2,-8.3,-23.5,1,15.1,-8.4,-23.4,1,15.099999999999998,-8.3,-23.5,1,15.2,-8.3,-23.5,1,15.4,-8.1,-23.6,1,15.3,-8.3,-23.5,1,15.3,-8.2,-23.4,1,15.2,-8.2,-23.5,1,15.3,-8.2,-23.5,1,15.2,-8.3,-23.5,1,15.3,-8.2,-23.5,1,15.2,-8.3,-23.6,1,15.200000000000001,-8.4,-23.6,1,15.100000000000001,-8.5,-23.4,1,14.999999999999998,-8.4,-23.5,1,15.0,-8.5,-23.5,1,15.0,-8.5,-23.6,1,14.900000000000002,-8.7,-23.5,1,14.8,-8.7,-23.4,1,14.599999999999998,-8.8,-23.5,1,14.5,-9.0,-23.5,1,14.6,-8.9,-23.5,1,14.6,-8.9,-23.5,1,14.6,-8.9,-23.5,1,14.6,-8.9,-23.4,1,14.499999999999998,-8.9,-23.5,1,14.6,-8.9,-23.5,1,14.6,-8.9,-23.5,1,14.5,-9.0,-23.5,1,14.4,-9.1,-23.5,1,14.5,-9.0,-23.5,1,14.5,-9.0,-23.5,1,14.5,-9.0,-23.5,1,14.4,-9.1,-23.6,1,14.500000000000002,-9.1,-23.5,1,14.5,-9.0,-23.6,1,14.500000000000002,-9.1,-23.5,1,14.6,-8.9,-23.5,1,14.7,-8.8,-23.5,1,14.8,-8.7
3,15.0,-4.65,10.39,-26.4,1,15.099999999999998,-11.3,-24.4,1,15.099999999999998,-9.3,-24.5,1,15.1,-9.4,-24.5,1,15.1,-9.4,-24.5,1,15.1,-9.4,-24.6,1,15.100000000000001,-9.5,-24.5,1,15.1,-9.4,-24.5,1,15.1,-9.4,-24.4,1,15.099999999999998,-9.3,-24.6,1,15.200000000000001,-9.4,-24.5,1,15.2,-9.3,-24.5,1,15.2,-9.3,-24.5,1,15.2,-9.3,-24.4,1,14.999999999999998,-9.4,-24.5,1,15.2,-9.3,-24.5,1,15.2,-9.3,-24.5,1,15.2,-9.3,-24.5,1,15.2,-9.3,-24.6,1,15.200000000000001,-9.4,-24.5,1,15.1,-9.4,-24.5,1,15.2,-9.3,-24.5,1,15.2,-9.3,-24.5,1,15.2,-9.3,-24.5,1,15.2,-9.3,-24.4,1,15.099999999999998,-9.3,-24.4,1,15.2,-9.2,-24.4,1,15.2,-9.2,-24.5,1,15.4,-9.1,-24.5,1,15.4,-9.1,-24.5,1,15.3,-9.2,-24.5,1,15.3,-9.2,-24.4,1,15.2,-9.2,-24.5,1,15.2,-9.3,-24.5,1,15.2,-9.3,-24.5,1,15.2,-9.3,-24.5,1,15.1,-9.4,-24.5,1,15.2,-9.3,-24.5,1,15.3,-9.2,-24.5,1,15.1,-9.4,-24.5,1,15.0,-9.5,-24.5,1,15.1,-9.4,-24.5,1,15.1,-9.4,-24.6,1,15.000000000000002,-9.6,-24.5,1,15.0,-9.5,-24.6,1,15.000000000000002,-9.6,-24.4,1,14.899999999999999,-9.5,-24.6,1,14.900000000000002,-9.7,-24.5,1,15.1,-9.4,-24.4,1,14.899999999999999,-9.5,-24.5,1,15.0,-9.5,-24.5,1,15.0,-9.5,-24.5,1,15.0,-9.5,-24.5,1,15.0,-9.5,-24.5,1,15.1,-9.4,-24.5,1,15.1,-9.4,-24.5,1,15.1,-9.4,-24.5,1,15.1,-9.4,-24.6,1,15.200000000000001,-9.4,-24.6,1,15.3,-9.3,-24.5,1,15.2,-9.3,-24.5,1,15.2,-9.3,-24.6,1,15.3,-9.3,-24.6,1,15.3,-9.3,-24.5,1,15.3,-9.2,-24.5,1,15.2,-9.3,-24.6,1,15.3,-9.3,-24.5,1,15.1,-9.4,-24.5,1,15.1,-9.4,-24.6,1,15.200000000000001,-9.4,-24.5,1,15.1,-9.4,-24.5,1,15.0,-9.5,-24.5,1,15.0,-9.5,-24.6,1,14.900000000000002,-9.7,-24.6,1,14.8,-9.8,-24.6,1,14.700000000000001,-9.9,-24.5,1,14.6,-9.9,-24.5,1,14.6,-9.9,-24.5,1,14.6,-9.9,-24.5,1,14.6,-9.9,-24.5,1,14.6,-9.9,-24.5,1,14.7,-9.8,-24.5,1,14.6,-9.9,-24.5,1,14.6,-9.9,-24.5,1,14.5,-10.0,-24.5,1,14.5,-10.0,-24.5,1,14.5,-10.0,-24.5,1,14.4,-10.1,-24.4,1,14.399999999999999,-10.0,-24.5,1,14.5,-10.0,-24.5,1,14.4,-10.1,-24.5,1,14.5,-10.0,-24.5,1,14.6,-9.9,-24.5,1,14.6,-9.9,-24.5,1,14.7,-9.8,-24.5,1,14.7,-9.8
4,15.0,-5.65,9.41,-26.4,1,15.099999999999998,-11.3,-25.5,1,15.2,-10.3,-25.5,1,15.1,-10.4,-25.5,1,15.1,-10.4,-25.5,1,15.1,-10.4,-25.6,1,15.200000000000001,-10.4,-25.4,1,14.999999999999998,-10.4,-25.5,1,15.1,-10.4,-25.5,1,15.0,-10.5,-25.5,1,15.0,-10.5,-25.5,1,15.2,-10.3,-25.6,1,15.200000000000001,-10.4,-25.6,1,15.100000000000001,-10.5,-25.5,1,15.1,-10.4,-25.5,1,15.2,-10.3,-25.6,1,15.3,-10.3,-25.5,1,15.2,-10.3,-25.5,1,15.2,-10.3,-25.5,1,15.1,-10.4,-25.5,1,15.2,-10.3,-25.5,1,15.2,-10.3,-25.4,1,15.2,-10.2,-25.5,1,15.2,-10.3,-25.6,1,15.3,-10.3,-25.5,1,15.1,-10.4,-25.5,1,15.2,-10.3,-25.5,1,15.3,-10.2,-25.5,1,15.3,-10.2,-25.5,1,15.3,-10.2,-25.5,1,15.2,-10.3,-25.5,1,15.3,-10.2,-25.5,1,15.2,-10.3,-25.6,1,15.3,-10.3,-25.5,1,15.3,-10.2,-25.6,1,15.3,-10.3,-25.5,1,15.1,-10.4,-25.5,1,15.2,-10.3,-25.5,1,15.3,-10.2,-25.6,1,15.200000000000001,-10.4,-25.5,1,15.1,-10.4,-25.6,1,15.200000000000001,-10.4,-25.6,1,15.100000000000001,-10.5,-25.5,1,15.0,-10.5,-25.5,1,14.9,-10.6,-25.6,1,15.000000000000002,-10.6,-25.6,1,15.000000000000002,-10.6,-25.6,1,14.900000000000002,-10.7,-25.6,1,15.000000000000002,-10.6,-25.5,1,15.0,-10.5,-25.5,1,15.0,-10.5,-25.5,1,15.0,-10.5,-25.6,1,15.100000000000001,-10.5,-25.5,1,15.1,-10.4,-25.5,1,15.0,-10.5,-25.5,1,15.1,-10.4,-25.5,1,15.1,-10.4,-25.4,1,15.099999999999998,-10.3,-25.6,1,15.3,-10.3,-25.5,1,15.2,-10.3,-25.5,1,15.2,-10.3,-25.5,1,15.2,-10.3,-25.5,1,15.3,-10.2,-25.5,1,15.3,-10.2,-25.6,1,15.3,-10.3,-25.5,1,15.2,-10.3,-25.5,1,15.3,-10.2,-25.5,1,15.1,-10.4,-25.6,1,15.200000000000001,-10.4,-25.4,1,15.099999999999998,-10.3,-25.5,1,15.1,-10.4,-25.5,1,15.0,-10.5,-25.4,1,14.899999999999999,-10.5,-25.5,1,14.9,-10.6,-25.5,1,14.8,-10.7,-25.4,1,14.599999999999998,-10.8,-25.5,1,14.6,-10.9,-25.5,1,14.6,-10.9,-25.5,1,14.6,-10.9,-25.5,1,14.6,-10.9,-25.5,1,14.6,-10.9,-25.5,1,14.7,-10.8,-25.5,1,14.6,-10.9,-25.5,1,14.6,-10.9,-25.4,1,14.499999999999998,-10.9,-25.4,1,14.499999999999998,-10.9,-25.4,1,14.499999999999998,-10.9,-25.6,1,14.500000000000002,-11.1,-25.5,1,14.4,-11.1,-25.5,1,14.4,-11.1,-25.5,1,14.4,-11.1,-25.5,1,14.4,-11.1,-25.5,1,14.5,-11.0,-25.5,1,14.6,-10.9,-25.5,1,14.7,-10.8,-25.5,1,14.7,-10.8
5,15.0,-4.84,10.2,-26.4,1,15.099999999999998,-11.3,-47.6,0,19.200000000000003,-28.4,-22.4,1,15.099999999999998,-7.3,-45.9,0,18.0,-27.9,-21.7,1,15.0,-6.7,-45.9,0,18.0,-27.9,-21.7,1,15.1,-6.6,-46.3,0,18.199999999999996,-28.1,-21.7,1,15.2,-6.5,-45.8,0,17.799999999999997,-28.0,-21.7,1,15.1,-6.6,-46.6,0,18.3,-28.3,-21.7,1,15.2,-6.5,-46.4,0,18.099999999999998,-28.3,-21.8,1,15.3,-6.5,-46.2,0,17.900000000000002,-28.3,-21.8,1,15.200000000000001,-6.6,-45.8,0,17.299999999999997,-28.5,-21.7,1,15.2,-6.5,-46.6,0,18.1,-28.5,-21.7,1,15.299999999999999,-6.4,-46.6,0,18.1,-28.5,-21.7,1,15.2,-6.5,-47.3,0,20.299999999999997,-27.0,-21.7,1,15.1,-6.6,-47.2,0,18.6,-28.6,-21.7,1,15.2,-6.5,-47.5,0,18.9,-28.6,-21.7,1,15.299999999999999,-6.4,-47.5,0,18.8,-28.7,-21.7,1,15.299999999999999,-6.4,-47.5,0,18.6,-28.9,-21.7,1,15.299999999999999,-6.4,-47.1,0,18.200000000000003,-28.9,-21.7,1,15.2,-6.5,-46.7,0,18.1,-28.6,-21.7,1,15.2,-6.5,-46.9,0,18.2,-28.7,-21.6,1,15.100000000000001,-6.5,-47.7,0,18.700000000000003,-29.0,-21.7,1,15.0,-6.7,-47.7,0,18.6,-29.1,-21.7,1,15.0,-6.7,-47.4,0,18.4,-29.0,-21.7,1,15.0,-6.7,-47.8,0,18.699999999999996,-29.1,-21.7,1,14.899999999999999,-6.8,-47.4,0,18.4,-29.0,-21.7,1,15.0,-6.7,-47.5,0,18.4,-29.1,-21.6,1,14.900000000000002,-6.7,-47.1,0,18.3,-28.8,-21.7,1,15.0,-6.7,-47.3,0,18.499999999999996,-28.8,-21.7,1,15.0,-6.7,-47.6,0,18.6,-29.0,-21.7,1,15.1,-6.6,-47.3,0,18.599999999999998,-28.7,-21.7,1,15.2,-6.5,-47.5,0,18.8,-28.7,-21.6,1,15.200000000000001,-6.4,-46.2,0,18.1,-28.1,-21.7,1,15.299999999999999,-6.4,-46.8,0,17.999999999999996,-28.8,-21.8,1,15.3,-6.5,-48.1,0,18.900000000000002,-29.2,-21.6,1,15.100000000000001,-6.5,-48.0,0,18.8,-29.2,-21.7,1,15.1,-6.6,-47.8,0,18.799999999999997,-29.0,-21.8,1,15.0,-6.8,-48.3,0,18.999999999999996,-29.3,-21.7,1,14.799999999999999,-6.9,-47.9,0,18.599999999999998,-29.3,-21.7,1,14.7,-7.0,-48.2,0,18.6,-29.6,-21.7,1,14.6,-7.1,-48.6,0,19.0,-29.6,-21.7,1,14.6,-7.1,-48.2,0,18.400000000000002,-29.8,-21.7,1,14.6,-7.1,-48.1,0,18.3,-29.8,-21.7,1,14.6,-7.1,-48.5,0,18.4,-30.1,-21.7,1,14.5,-7.2,-48.6,0,18.6,-30.0,-21.7,1,14.399999999999999,-7.3,-49.7,0,19.500000000000004,-30.2,-21.8,1,14.5,-7.3,-49.8,0,19.499999999999996,-30.3,-21.7,1,14.399999999999999,-7.3,-48.0,0,17.9,-30.1,-21.7,1,14.6,-7.1,-48.7,0,18.200000000000003,-30.5,-21.6,1,14.600000000000001,-7.0
6,15.0,-8.79,6.31,-26.4,1,15.099999999999998,-11.3,-48.1,0,19.700000000000003,-28.4,-25.6,1,15.100000000000001,-10.5,-47.7,0,19.500000000000004,-28.2,-25.7,1,15.0,-10.7,-47.7,0,19.300000000000004,-28.4,-25.7,1,15.0,-10.7,-47.8,0,19.099999999999998,-28.7,-25.7,1,15.1,-10.6,-47.9,0,19.0,-28.9,-25.7,1,15.2,-10.5,-48.5,0,19.6,-28.9,-25.7,1,15.1,-10.6,-48.5,0,19.5,-29.0,-25.7,1,15.2,-10.5,-47.3,0,18.299999999999997,-29.0,-25.7,1,15.299999999999999,-10.4,-47.1,0,18.1,-29.0,-25.7,1,15.2,-10.5,-48.1,0,19.0,-29.1,-25.6,1,15.200000000000001,-10.4,-48.1,0,18.900000000000002,-29.2,-25.7,1,15.2,-10.5,-48.8,0,21.9,-26.9,-25.7,1,15.2,-10.5,-49.0,0,19.6,-29.4,-25.8,1,15.200000000000001,-10.6,-49.1,0,19.700000000000003,-29.4,-25.7,1,15.299999999999999,-10.4,-49.3,0,19.599999999999998,-29.7,-25.7,1,15.299999999999999,-10.4,-49.2,0,19.700000000000003,-29.5,-25.7,1,15.299999999999999,-10.4,-48.5,0,19.1,-29.4,-25.8,1,15.3,-10.5,-48.4,0,18.9,-29.5,-25.7,1,15.1,-10.6,-48.7,0,19.400000000000002,-29.3,-25.8,1,15.200000000000001,-10.6,-49.2,0,19.500000000000004,-29.7,-25.8,1,15.100000000000001,-10.7,-49.0,0,19.3,-29.7,-25.7,1,14.899999999999999,-10.8,-48.8,0,19.099999999999998,-29.7,-25.8,1,15.0,-10.8,-48.9,0,19.2,-29.7,-25.8,1,14.9,-10.9,-49.0,0,19.2,-29.8,-25.8,1,15.0,-10.8,-48.7,0,19.000000000000004,-29.7,-25.8,1,15.0,-10.8,-48.1,0,18.6,-29.5,-25.7,1,15.0,-10.7,-48.3,0,18.9,-29.4,-25.7,1,15.0,-10.7,-48.9,0,19.299999999999997,-29.6,-25.7,1,15.1,-10.6,-48.4,0,19.099999999999998,-29.3,-25.6,1,15.200000000000001,-10.4,-48.7,0,19.200000000000003,-29.5,-25.7,1,15.2,-10.5,-46.5,0,17.7,-28.8,-25.7,1,15.299999999999999,-10.4,-48.3,0,18.799999999999997,-29.5,-25.7,1,15.2,-10.5,-49.3,0,19.4,-29.9,-25.7,1,15.2,-10.5,-49.5,0,19.7,-29.8,-25.8,1,15.100000000000001,-10.7,-49.0,0,19.3,-29.7,-25.6,1,14.900000000000002,-10.7,-49.6,0,19.6,-30.0,-25.7,1,14.899999999999999,-10.8,-49.0,0,18.9,-30.1,-25.6,1,14.600000000000001,-11.0,-49.4,0,19.299999999999997,-30.1,-25.7,1,14.6,-11.1,-49.9,0,19.599999999999998,-30.3,-25.7,1,14.6,-11.1,-49.3,0,18.9,-30.4,-25.7,1,14.6,-11.1,-49.5,0,19.0,-30.5,-25.7,1,14.6,-11.1,-49.8,0,19.199999999999996,-30.6,-25.6,1,14.400000000000002,-11.2,-49.5,0,18.9,-30.6,-25.7,1,14.5,-11.2,-50.0,0,19.3,-30.7,-25.7,1,14.399999999999999,-11.3,-50.0,0,19.1,-30.9,-25.8,1,14.5,-11.3,-49.4,0,18.7,-30.7,-25.8,1,14.600000000000001,-11.2,-50.0,0,19.0,-31.0,-25.8,1,14.700000000000001,-11.1
7,15.0,-4.7,10.34,-50.0,0,20.9,-29.1,-24.2,1,15.1,-9.1,-46.2,0,18.1,-28.1,-21.5,1,15.1,-6.4,-46.0,0,18.0,-28.0,-21.5,1,15.0,-6.5,-44.9,0,17.099999999999998,-27.8,-21.5,1,15.1,-6.4,-46.1,0,17.900000000000002,-28.2,-21.5,1,15.1,-6.4,-46.0,0,17.8,-28.2,-21.5,1,15.1,-6.4,-46.1,0,18.0,-28.1,-21.5,1,15.1,-6.4,-46.6,0,18.6,-28.0,-21.5,1,15.2,-6.3,-46.3,0,17.999999999999996,-28.3,-21.5,1,15.2,-6.3,-46.0,0,17.9,-28.1,-21.5,1,15.2,-6.3,-46.2,0,18.200000000000003,-28.0,-21.5,1,15.2,-6.3,-46.8,0,18.099999999999998,-28.7,-21.5,1,15.2,-6.3,-46.5,0,18.3,-28.2,-21.5,1,15.2,-6.3,-47.0,0,18.4,-28.6,-21.5,1,15.4,-6.1,-47.1,0,18.6,-28.5,-21.4,1,15.2,-6.2,-47.5,0,18.8,-28.7,-21.4,1,15.099999999999998,-6.3,-46.7,0,18.1,-28.6,-21.5,1,15.2,-6.3,-46.8,0,17.999999999999996,-28.8,-21.5,1,15.1,-6.4,-46.9,0,18.2,-28.7,-21.4,1,15.2,-6.2,-47.3,0,18.499999999999996,-28.8,-21.5,1,15.0,-6.5,-47.2,0,18.500000000000004,-28.7,-21.5,1,15.1,-6.4,-47.5,0,18.4,-29.1,-21.5,1,15.0,-6.5,-47.3,0,18.4,-28.9,-21.4,1,14.799999999999999,-6.6,-47.7,0,18.6,-29.1,-21.5,1,15.0,-6.5,-47.5,0,18.7,-28.8,-21.5,1,14.9,-6.6,-47.0,0,18.3,-28.7,-21.5,1,15.0,-6.5,-47.0,0,18.5,-28.5,-21.5,1,15.0,-6.5,-46.9,0,18.099999999999998,-28.8,-21.5,1,15.1,-6.4,-47.6,0,18.700000000000003,-28.9,-21.5,1,15.2,-6.3,-47.6,0,18.900000000000002,-28.7,-21.5,1,15.3,-6.2,-47.2,0,18.200000000000003,-29.0,-21.5,1,15.2,-6.3,-47.6,0,18.5,-29.1,-21.5,1,15.2,-6.3,-46.8,0,17.9,-28.9,-21.5,1,15.2,-6.3,-47.7,0,18.6,-29.1,-21.5,1,15.2,-6.3,-47.9,0,18.799999999999997,-29.1,-21.6,1,15.000000000000002,-6.6,-48.1,0,19.0,-29.1,-21.5,1,15.0,-6.5,-48.1,0,18.8,-29.3,-21.4,1,14.7,-6.7,-47.3,0,18.4,-28.9,-21.6,1,14.600000000000001,-7.0,-47.5,0,18.2,-29.3,-21.5,1,14.6,-6.9,-47.7,0,18.200000000000003,-29.5,-21.5,1,14.5,-7.0,-48.5,0,18.7,-29.8,-21.5,1,14.5,-7.0,-48.3,0,18.299999999999997,-30.0,-21.5,1,14.5,-7.0,-48.1,0,18.400000000000002,-29.7,-21.5,1,14.4,-7.1,-49.2,0,19.200000000000003,-30.0,-21.6,1,14.400000000000002,-7.2,-49.4,0,19.2,-30.2,-21.6,1,14.500000000000002,-7.1,-48.6,0,18.6,-30.0,-21.5,1,14.5,-7.0,-47.8,0,17.799999999999997,-30.0,-21.5,1,14.7,-6.8,-48.2,0,18.000000000000004,-30.2
8,15.0,-8.65,6.45,-50.0,0,20.7,-29.3,-25.4,1,15.099999999999998,-10.3,-47.7,0,19.1,-28.6,-25.5,1,15.0,-10.5,-48.0,0,19.4,-28.6,-25.5,1,15.1,-10.4,-46.4,0,17.7,-28.7,-25.5,1,15.1,-10.4,-48.0,0,19.1,-28.9,-25.5,1,15.1,-10.4,-48.0,0,19.0,-29.0,-25.6,1,15.200000000000001,-10.4,-48.1,0,19.3,-28.8,-25.4,1,15.099999999999998,-10.3,-48.4,0,19.5,-28.9,-25.6,1,15.200000000000001,-10.4,-48.1,0,19.0,-29.1,-25.4,1,15.2,-10.2,-47.4,0,18.599999999999998,-28.8,-25.5,1,15.2,-10.3,-47.9,0,19.299999999999997,-28.6,-25.4,1,15.099999999999998,-10.3,-48.6,0,19.400000000000002,-29.2,-25.5,1,15.3,-10.2,-48.1,0,19.200000000000003,-28.9,-25.4,1,15.099999999999998,-10.3,-48.6,0,19.3,-29.3,-25.6,1,15.400000000000002,-10.2,-48.9,0,19.5,-29.4,-25.5,1,15.3,-10.2,-48.9,0,19.5,-29.4,-25.5,1,15.3,-10.2,-48.6,0,19.3,-29.3,-25.5,1,15.2,-10.3,-48.1,0,18.700000000000003,-29.4,-25.5,1,15.1,-10.4,-48.5,0,19.1,-29.4,-25.5,1,15.2,-10.3,-48.6,0,19.200000000000003,-29.4,-25.5,1,15.0,-10.5,-48.7,0,19.1,-29.6,-25.5,1,15.1,-10.4,-48.9,0,19.2,-29.7,-25.5,1,14.9,-10.6,-49.0,0,19.3,-29.7,-25.6,1,14.900000000000002,-10.7,-49.3,0,19.4,-29.9,-25.6,1,15.000000000000002,-10.6,-48.4,0,18.799999999999997,-29.6,-25.5,1,15.0,-10.5,-47.9,0,18.5,-29.4,-25.5,1,15.0,-10.5,-48.0,0,18.8,-29.2,-25.5,1,15.1,-10.4,-48.3,0,18.9,-29.4,-25.5,1,15.1,-10.4,-48.5,0,19.1,-29.4,-25.4,1,15.099999999999998,-10.3,-48.7,0,19.300000000000004,-29.4,-25.5,1,15.3,-10.2,-48.4,0,18.7,-29.7,-25.5,1,15.3,-10.2,-48.9,0,19.099999999999998,-29.8,-25.5,1,15.2,-10.3,-48.3,0,18.699999999999996,-29.6,-25.5,1,15.3,-10.2,-49.3,0,19.499999999999996,-29.8,-25.6,1,15.200000000000001,-10.4,-49.3,0,19.499999999999996,-29.8,-25.5,1,15.1,-10.4,-49.1,0,19.400000000000002,-29.7,-25.5,1,15.0,-10.5,-49.2,0,19.200000000000003,-30.0,-25.5,1,14.8,-10.7,-48.5,0,18.8,-29.7,-25.5,1,14.6,-10.9,-49.0,0,18.9,-30.1,-25.5,1,14.7,-10.8,-49.0,0,18.9,-30.1,-25.5,1,14.5,-11.0,-49.9,0,19.4,-30.5,-25.5,1,14.6,-10.9,-49.7,0,19.000000000000004,-30.7,-25.5,1,14.5,-11.0,-49.3,0,18.999999999999996,-30.3,-25.5,1,14.5,-11.0,-50.0,0,19.5,-30.5,-25.6,1,14.500000000000002,-11.1,-50.0,0,19.3,-30.7,-25.5,1,14.5,-11.0,-49.7,0,19.1,-30.6,-25.6,1,14.500000000000002,-11.1,-49.3,0,18.599999999999998,-30.7,-25.5,1,14.7,-10.8,-49.5,0,18.6,-30.9
9,15.0,-5.3,9.74,-26.4,1,14.999999999999998,-11.4,-24.2,1,15.1,-9.1,-22.4,1,14.999999999999998,-7.4,-22.2,1,15.1,-7.1,-22.1,1,15.000000000000002,-7.1,-22.1,1,15.000000000000002,-7.1,-22.1,1,15.000000000000002,-7.1,-22.2,1,15.0,-7.2,-22.1,1,15.000000000000002,-7.1,-22.1,1,15.000000000000002,-7.1,-22.0,1,15.0,-7.0,-22.1,1,15.000000000000002,-7.1,-22.0,1,14.9,-7.1,-22.0,1,14.9,-7.1,-22.1,1,15.100000000000001,-7.0,-22.0,1,15.0,-7.0,-22.1,1,15.000000000000002,-7.1,-22.1,1,15.000000000000002,-7.1,-22.1,1,15.000000000000002,-7.1,-22.1,1,15.000000000000002,-7.1,-22.2,1,15.1,-7.1,-22.1,1,15.000000000000002,-7.1,-22.0,1,14.9,-7.1,-22.1,1,15.000000000000002,-7.1,-22.1,1,14.900000000000002,-7.2,-22.1,1,15.000000000000002,-7.1,-22.1,1,15.000000000000002,-7.1,-22.1,1,15.200000000000001,-6.9,-22.0,1,15.0,-7.0,-22.0,1,15.0,-7.0,-22.1,1,15.100000000000001,-7.0,-22.1,1,15.000000000000002,-7.1,-22.1,1,15.000000000000002,-7.1,-22.1,1,15.000000000000002,-7.1,-22.1,1,15.000000000000002,-7.1,-22.1,1,14.900000000000002,-7.2,-22.1,1,14.900000000000002,-7.2,-22.1,1,15.000000000000002,-7.1,-22.1,1,14.900000000000002,-7.2,-22.1,1,14.8,-7.3,-22.1,1,14.8,-7.3,-22.0,1,14.8,-7.2,-22.1,1,14.8,-7.3,-22.1,1,14.8,-7.3,-22.1,1,14.8,-7.3,-22.1,1,14.8,-7.3,-22.1,1,14.700000000000001,-7.4,-22.2,1,14.899999999999999,-7.3,-47.6,0,18.400000000000002,-29.2,-50.0,0,19.3,-30.7,-50.0,0,19.6,-30.4,-50.0,0,19.6,-30.4,-50.0,0,19.8,-30.2,-50.0,0,19.7,-30.3,-50.0,0,19.5,-30.5,-50.0,0,19.3,-30.7,-50.0,0,19.4,-30.6,-50.0,0,19.5,-30.5,-50.0,0,19.2,-30.8,-50.0,0,19.5,-30.5,-50.0,0,19.3,-30.7,-48.5,0,19.0,-29.5,-50.0,0,19.2,-30.8,-50.0,0,19.1,-30.9,-50.0,0,19.0,-31.0,-50.0,0,19.2,-30.8,-50.0,0,19.0,-31.0,-50.0,0,19.0,-31.0,-50.0,0,19.0,-31.0,-50.0,0,18.9,-31.1,-50.0,0,18.8,-31.2,-50.0,0,18.7,-31.3,-50.0,0,18.7,-31.3,-50.0,0,18.5,-31.5,-50.0,0,18.7,-31.3,-50.0,0,18.6,-31.4,-50.0,0,18.5,-31.5,-50.0,0,18.6,-31.4,-50.0,0,18.5,-31.5,-50.0,0,18.3,-31.7,-50.0,0,18.5,-31.5,-50.0,0,18.4,-31.6,-50.0,0,18.3,-31.7,-50.0,0,18.4,-31.6,-50.0,0,18.4,-31.6,-50.0,0,18.2,-31.8,-50.0,0,18.1,-31.9,-50.0,0,18.0,-32.0,-50.0,0,18.1,-31.9,-50.0,0,18.0,-32.0,-50.0,0,17.9,-32.1,-50.0,0,18.0,-32.0,-50.0,0,17.9,-32.1,-50.0,0,18.0,-32.0,-50.0,0,18.1,-31.9
10,15.0,-9.21,5.89,-26.4,1,14.999999999999998,-11.4,-25.9,1,14.999999999999998,-10.9,-26.1,1,15.100000000000001,-11.0,-26.2,1,15.0,-11.2,-26.1,1,14.900000000000002,-11.2,-26.1,1,15.000000000000002,-11.1,-26.1,1,15.000000000000002,-11.1,-26.1,1,15.000000000000002,-11.1,-26.1,1,15.000000000000002,-11.1,-26.2,1,15.0,-11.2,-26.1,1,15.000000000000002,-11.1,-26.1,1,15.000000000000002,-11.1,-26.0,1,14.9,-11.1,-26.1,1,15.000000000000002,-11.1,-26.1,1,15.100000000000001,-11.0,-26.1,1,15.000000000000002,-11.1,-26.1,1,15.000000000000002,-11.1,-26.1,1,15.000000000000002,-11.1,-26.0,1,15.0,-11.0,-26.1,1,15.000000000000002,-11.1,-26.1,1,15.000000000000002,-11.1,-26.1,1,15.000000000000002,-11.1,-26.1,1,15.000000000000002,-11.1,-26.0,1,15.0,-11.0,-26.1,1,14.900000000000002,-11.2,-26.1,1,15.000000000000002,-11.1,-26.1,1,15.000000000000002,-11.1,-26.1,1,15.100000000000001,-11.0,-26.1,1,15.100000000000001,-11.0,-26.1,1,15.000000000000002,-11.1,-26.1,1,15.100000000000001,-11.0,-26.1,1,15.000000000000002,-11.1,-26.2,1,15.1,-11.1,-26.1,1,15.100000000000001,-11.0,-26.1,1,15.000000000000002,-11.1,-26.0,1,14.9,-11.1,-26.0,1,14.9,-11.1,-26.1,1,15.000000000000002,-11.1,-26.1,1,14.900000000000002,-11.2,-26.1,1,14.8,-11.3,-26.1,1,14.8,-11.3,-26.0,1,14.8,-11.2,-26.1,1,14.8,-11.3,-26.2,1,14.799999999999999,-11.4,-26.1,1,14.8,-11.3,-26.2,1,14.799999999999999,-11.4,-26.1,1,14.700000000000001,-11.4,-26.1,1,14.8,-11.3,-48.6,0,18.900000000000002,-29.7,-50.0,0,19.2,-30.8,-50.0,0,19.2,-30.8,-50.0,0,19.3,-30.7,-50.0,0,19.4,-30.6,-50.0,0,19.4,-30.6,-50.0,0,19.3,-30.7,-50.0,0,19.0,-31.0,-50.0,0,19.2,-30.8,-50.0,0,19.1,-30.9,-50.0,0,19.0,-31.0,-50.0,0,19.1,-30.9,-50.0,0,18.9,-31.1,-48.1,0,18.5,-29.6,-50.0,0,18.9,-31.1,-50.0,0,18.8,-31.2,-50.0,0,18.8,-31.2,-50.0,0,18.9,-31.1,-50.0,0,18.9,-31.1,-50.0,0,18.7,-31.3,-50.0,0,18.6,-31.4,-50.0,0,18.6,-31.4,-50.0,0,18.6,-31.4,-50.0,0,18.4,-31.6,-50.0,0,18.3,-31.7,-50.0,0,18.2,-31.8,-50.0,0,18.3,-31.7,-50.0,0,18.2,-31.8,-50.0,0,18.2,-31.8,-50.0,0,18.2,-31.8,-50.0,0,18.1,-31.9,-50.0,0,18.0,-32.0,-50.0,0,18.1,-31.9,-50.0,0,18.0,-32.0,-50.0,0,18.0,-32.0,-50.0,0,18.0,-32.0,-50.0,0,17.9,-32.1,-50.0,0,17.799999999999997,-32.2,-50.0,0,17.799999999999997,-32.2,-50.0,0,17.700000000000003,-32.3,-50.0,0,17.6,-32.4,-50.0,0,17.700000000000003,-32.3,-50.0,0,17.6,-32.4,-50.0,0,17.5,-32.5,-50.0,0,17.5,-32.5,-50.0,0,17.6,-32.4,-50.0,0,17.6,-32.4
11,15.0,-4.64,10.39,-50.0,0,21.3,-28.7,-50.0,0,20.8,-29.2,-50.0,0,20.8,-29.2,-50.0,0,20.8,-29.2,-50.0,0,20.8,-29.2,-50.0,0,20.6,-29.4,-48.5,0,19.1,-29.4,-50.0,0,20.7,-29.3,-50.0,0,20.6,-29.4,-50.0,0,20.4,-29.6,-50.0,0,20.5,-29.5,-50.0,0,20.5,-29.5,-50.0,0,20.5,-29.5,-50.0,0,20.5,-29.5,-50.0,0,20.4,-29.6,-49.2,0,19.400000000000002,-29.8,-50.0,0,20.3,-29.7,-49.5,0,19.9,-29.6,-49.3,0,20.199999999999996,-29.1,-50.0,0,20.4,-29.6,-50.0,0,21.0,-29.0,-50.0,0,20.2,-29.8,-50.0,0,20.3,-29.7,-50.0,0,22.3,-27.7,-50.0,0,20.7,-29.3,-50.0,0,20.2,-29.8,-50.0,0,20.2,-29.8,-50.0,0,20.1,-29.9,-50.0,0,20.3,-29.7,-50.0,0,20.2,-29.8,-50.0,0,20.1,-29.9,-50.0,0,20.1,-29.9,-50.0,0,20.2,-29.8,-50.0,0,20.2,-29.8,-50.0,0,20.3,-29.7,-50.0,0,20.1,-29.9,-50.0,0,20.3,-29.7,-50.0,0,20.4,-29.6,-50.0,0,20.3,-29.7,-50.0,0,20.1,-29.9,-50.0,0,20.0,-30.0,-50.0,0,20.1,-29.9,-50.0,0,19.9,-30.1,-50.0,0,20.0,-30.0,-50.0,0,19.8,-30.2,-50.0,0,19.8,-30.2,-50.0,0,20.0,-30.0,-50.0,0,20.0,-30.0,-21.4,1,15.2,-6.2,-21.5,1,15.3,-6.2,-21.4,1,15.2,-6.2,-21.5,1,15.2,-6.3,-21.5,1,15.3,-6.2,-21.5,1,15.2,-6.3,-21.5,1,15.3,-6.2,-21.4,1,15.299999999999999,-6.1,-21.5,1,15.4,-6.1,-21.5,1,15.3,-6.2,-21.5,1,15.4,-6.1,-21.5,1,15.5,-6.0,-21.4,1,15.399999999999999,-6.0,-21.5,1,15.5,-6.0,-21.6,1,15.500000000000002,-6.1,-21.5,1,15.4,-6.1,-21.6,1,15.500000000000002,-6.1,-21.5,1,15.5,-6.0,-21.5,1,15.3,-6.2,-21.6,1,15.400000000000002,-6.2,-21.5,1,15.3,-6.2,-21.4,1,15.2,-6.2,-21.5,1,15.2,-6.3,-21.5,1,15.2,-6.3,-21.5,1,15.0,-6.5,-21.5,1,14.9,-6.6,-21.5,1,14.8,-6.7,-21.6,1,14.8,-6.8,-21.5,1,14.7,-6.8,-21.5,1,14.8,-6.7,-21.5,1,14.7,-6.8,-21.5,1,14.7,-6.8,-21.5,1,14.8,-6.7,-21.5,1,14.7,-6.8,-21.5,1,14.7,-6.8,-21.5,1,14.6,-6.9,-21.4,1,14.499999999999998,-6.9,-21.5,1,14.5,-7.0,-21.6,1,14.500000000000002,-7.1,-21.5,1,14.5,-7.0,-21.5,1,14.6,-6.9,-21.5,1,14.5,-7.0,-21.5,1,14.6,-6.9,-21.4,1,14.7,-6.7,-21.5,1,14.9,-6.6,-21.6,1,15.000000000000002,-6.6,-21.5,1,15.0,-6.5
12,15.0,-8.65,6.45,-50.0,0,20.9,-29.1,-50.0,0,20.7,-29.3,-50.0,0,20.6,-29.4,-50.0,0,20.5,-29.5,-50.0,0,20.6,-29.4,-50.0,0,20.4,-29.6,-48.7,0,19.200000000000003,-29.5,-50.0,0,20.4,-29.6,-50.0,0,20.4,-29.6,-50.0,0,20.2,-29.8,-50.0,0,20.1,-29.9,-50.0,0,20.3,-29.7,-50.0,0,20.1,-29.9,-50.0,0,20.2,-29.8,-50.0,0,20.1,-29.9,-49.4,0,19.4,-30.0,-50.0,0,20.0,-30.0,-49.7,0,19.800000000000004,-29.9,-49.4,0,19.9,-29.5,-50.0,0,20.1,-29.9,-50.0,0,20.8,-29.2,-50.0,0,20.0,-30.0,-50.0,0,20.1,-29.9,-50.0,0,22.3,-27.7,-50.0,0,20.4,-29.6,-50.0,0,19.9,-30.1,-50.0,0,19.8,-30.2,-50.0,0,19.9,-30.1,-50.0,0,19.8,-30.2,-50.0,0,19.8,-30.2,-50.0,0,19.8,-30.2,-50.0,0,19.8,-30.2,-50.0,0,19.9,-30.1,-50.0,0,19.8,-30.2,-50.0,0,19.8,-30.2,-50.0,0,19.9,-30.1,-50.0,0,19.9,-30.1,-50.0,0,19.9,-30.1,-50.0,0,19.9,-30.1,-50.0,0,19.7,-30.3,-50.0,0,19.7,-30.3,-50.0,0,19.7,-30.3,-50.0,0,19.6,-30.4,-50.0,0,19.6,-30.4,-50.0,0,19.5,-30.5,-50.0,0,19.4,-30.6,-50.0,0,19.6,-30.4,-50.0,0,19.5,-30.5,-25.6,1,15.3,-10.3,-25.5,1,15.3,-10.2,-25.5,1,15.2,-10.3,-25.5,1,15.2,-10.3,-25.5,1,15.3,-10.2,-25.5,1,15.2,-10.3,-25.4,1,15.2,-10.2,-25.6,1,15.400000000000002,-10.2,-25.5,1,15.4,-10.1,-25.5,1,15.3,-10.2,-25.5,1,15.4,-10.1,-25.5,1,15.5,-10.0,-25.5,1,15.4,-10.1,-25.5,1,15.5,-10.0,-25.4,1,15.399999999999999,-10.0,-25.5,1,15.5,-10.0,-25.6,1,15.500000000000002,-10.1,-25.6,1,15.500000000000002,-10.1,-25.5,1,15.4,-10.1,-25.5,1,15.3,-10.2,-25.4,1,15.2,-10.2,-25.6,1,15.3,-10.3,-25.4,1,15.099999999999998,-10.3,-25.4,1,15.099999999999998,-10.3,-25.5,1,15.1,-10.4,-25.4,1,14.899999999999999,-10.5,-25.5,1,14.8,-10.7,-25.5,1,14.7,-10.8,-25.5,1,14.8,-10.7,-25.5,1,14.8,-10.7,-25.5,1,14.8,-10.7,-25.5,1,14.7,-10.8,-25.5,1,14.8,-10.7,-25.5,1,14.7,-10.8,-25.5,1,14.7,-10.8,-25.4,1,14.599999999999998,-10.8,-25.4,1,14.599999999999998,-10.8,-25.5,1,14.6,-10.9,-25.6,1,14.600000000000001,-11.0,-25.5,1,14.5,-11.0,-25.5,1,14.6,-10.9,-25.5,1,14.6,-10.9,-25.6,1,14.600000000000001,-11.0,-25.6,1,14.8,-10.8,-25.5,1,14.8,-10.7,-25.6,1,14.900000000000002,-10.7,-25.5,1,15.0,-10.5
13,18.0,-1.88,16.14,-26.3,1,18.1,-8.2,-24.1,1,18.1,-6.0,-21.9,1,18.099999999999998,-3.8,-21.7,1,18.099999999999998,-3.6,-21.7,1,18.0,-3.7,-21.7,1,18.099999999999998,-3.6,-21.7,1,18.099999999999998,-3.6,-21.6,1,18.0,-3.6,-21.7,1,18.2,-3.5,-21.8,1,18.1,-3.7,-21.7,1,18.099999999999998,-3.6,-21.7,1,18.2,-3.5,-21.7,1,18.2,-3.5,-21.7,1,18.099999999999998,-3.6,-21.7,1,18.3,-3.4,-21.8,1,18.2,-3.6,-21.7,1,18.2,-3.5,-21.6,1,18.1,-3.5,-21.7,1,18.099999999999998,-3.6,-21.7,1,18.099999999999998,-3.6,-21.7,1,18.2,-3.5,-21.7,1,18.099999999999998,-3.6,-21.7,1,18.099999999999998,-3.6,-21.7,1,18.2,-3.5,-21.7,1,18.099999999999998,-3.6,-21.7,1,18.2,-3.5,-21.7,1,18.2,-3.5,-21.7,1,18.3,-3.4,-21.7,1,18.3,-3.4,-21.7,1,18.3,-3.4,-21.7,1,18.3,-3.4,-21.7,1,18.3,-3.4,-21.7,1,18.3,-3.4,-21.7,1,18.2,-3.5,-21.7,1,18.2,-3.5,-21.6,1,18.1,-3.5,-21.7,1,18.099999999999998,-3.6,-21.6,1,18.3,-3.3,-21.7,1,18.2,-3.5,-21.7,1,18.099999999999998,-3.6,-21.7,1,18.099999999999998,-3.6,-21.7,1,18.0,-3.7,-21.7,1,18.0,-3.7,-21.7,1,18.0,-3.7,-21.7,1,18.0,-3.7,-21.7,1,17.9,-3.8,-21.7,1,17.9,-3.8,-21.7,1,18.099999999999998,-3.6,-21.7,1,18.0,-3.7,-21.7,1,18.0,-3.7,-21.7,1,18.0,-3.7,-21.8,1,18.1,-3.7,-21.7,1,18.0,-3.7,-21.7,1,18.099999999999998,-3.6,-21.7,1,18.099999999999998,-3.6,-21.8,1,18.2,-3.6,-21.7,1,18.099999999999998,-3.6,-21.7,1,18.099999999999998,-3.6,-21.7,1,18.2,-3.5,-21.7,1,18.3,-3.4,-21.7,1,18.3,-3.4,-21.7,1,18.3,-3.4,-21.8,1,18.3,-3.5,-21.7,1,18.3,-3.4,-21.7,1,18.2,-3.5,-21.7,1,18.3,-3.4,-21.7,1,18.2,-3.5,-21.8,1,18.2,-3.6,-21.7,1,18.099999999999998,-3.6,-21.7,1,18.0,-3.7,-21.7,1,18.0,-3.7,-21.7,1,18.0,-3.7,-21.7,1,17.9,-3.8,-21.7,1,17.8,-3.9,-21.8,1,17.700000000000003,-4.1,-21.7,1,17.6,-4.1,-21.6,1,17.5,-4.1,-21.7,1,17.6,-4.1,-21.8,1,17.700000000000003,-4.1,-21.7,1,17.6,-4.1,-21.8,1,17.700000000000003,-4.1,-21.7,1,17.7,-4.0,-21.7,1,17.6,-4.1,-21.7,1,17.6,-4.1,-21.7,1,17.6,-4.1,-21.7,1,17.5,-4.2,-21.7,1,17.5,-4.2,-21.7,1,17.4,-4.3,-21.7,1,17.5,-4.2,-21.7,1,17.5,-4.2,-21.8,1,17.6,-4.2,-21.7,1,17.6,-4.1,-21.7,1,17.6,-4.1,-21.7,1,17.7,-4.0,-21.7,1,17.9,-3.8
14,18.0,-2.87,15.15,-26.3,1,18.1,-8.2,-24.1,1,18.1,-6.0,-22.7,1,18.1,-4.6,-22.6,1,18.0,-4.6,-22.7,1,18.1,-4.6,-22.7,1,18.1,-4.6,-22.8,1,18.1,-4.7,-22.7,1,18.0,-4.7,-22.8,1,18.1,-4.7,-22.7,1,18.1,-4.6,-22.7,1,18.2,-4.5,-22.7,1,18.2,-4.5,-22.7,1,18.2,-4.5,-22.7,1,18.1,-4.6,-22.7,1,18.1,-4.6,-22.7,1,18.2,-4.5,-22.7,1,18.2,-4.5,-22.6,1,18.1,-4.5,-22.8,1,18.200000000000003,-4.6,-22.7,1,18.1,-4.6,-22.7,1,18.2,-4.5,-22.6,1,18.1,-4.5,-22.7,1,18.1,-4.6,-22.7,1,18.2,-4.5,-22.8,1,18.200000000000003,-4.6,-22.7,1,18.1,-4.6,-22.8,1,18.200000000000003,-4.6,-22.7,1,18.4,-4.3,-22.7,1,18.299999999999997,-4.4,-22.7,1,18.299999999999997,-4.4,-22.7,1,18.299999999999997,-4.4,-22.7,1,18.299999999999997,-4.4,-22.7,1,18.299999999999997,-4.4,-22.7,1,18.299999999999997,-4.4,-22.7,1,18.299999999999997,-4.4,-22.7,1,18.1,-4.6,-22.7,1,18.1,-4.6,-22.7,1,18.2,-4.5,-22.7,1,18.1,-4.6,-22.7,1,18.0,-4.7,-22.7,1,18.0,-4.7,-22.7,1,18.1,-4.6,-22.7,1,18.0,-4.7,-22.7,1,18.0,-4.7,-22.7,1,18.0,-4.7,-22.7,1,17.9,-4.8,-22.7,1,17.9,-4.8,-22.7,1,18.1,-4.6,-22.7,1,18.0,-4.7,-22.7,1,18.0,-4.7,-22.7,1,18.0,-4.7,-22.6,1,18.0,-4.6,-22.7,1,18.0,-4.7,-22.7,1,18.1,-4.6,-22.7,1,18.1,-4.6,-22.8,1,18.1,-4.7,-22.7,1,18.2,-4.5,-22.7,1,18.2,-4.5,-22.7,1,18.2,-4.5,-22.7,1,18.299999999999997,-4.4,-22.7,1,18.2,-4.5,-22.7,1,18.299999999999997,-4.4,-22.7,1,18.299999999999997,-4.4,-22.6,1,18.200000000000003,-4.4,-22.6,1,18.200000000000003,-4.4,-22.6,1,18.200000000000003,-4.4,-22.7,1,18.2,-4.5,-22.7,1,18.2,-4.5,-22.7,1,18.1,-4.6,-22.7,1,18.1,-4.6,-22.7,1,18.0,-4.7,-22.8,1,18.0,-4.8,-22.7,1,17.799999999999997,-4.9,-22.7,1,17.799999999999997,-4.9,-22.7,1,17.7,-5.0,-22.7,1,17.6,-5.1,-22.6,1,17.5,-5.1,-22.6,1,17.6,-5.0,-22.6,1,17.6,-5.0,-22.8,1,17.6,-5.2,-22.7,1,17.7,-5.0,-22.7,1,17.7,-5.0,-22.7,1,17.6,-5.1,-22.7,1,17.6,-5.1,-22.7,1,17.5,-5.2,-22.7,1,17.5,-5.2,-22.7,1,17.5,-5.2,-22.8,1,17.5,-5.3,-22.7,1,17.5,-5.2,-22.7,1,17.5,-5.2,-22.6,1,17.5,-5.1,-22.7,1,17.6,-5.1,-22.7,1,17.7,-5.0,-22.7,1,17.7,-5.0,-22.7,1,17.799999999999997,-4.9
15,18.0,-3.85,14.18,-26.3,1,18.1,-8.2,-24.1,1,18.1,-6.0,-23.6,1,18.1,-5.5,-23.6,1,18.0,-5.6,-23.7,1,18.1,-5.6,-23.7,1,18.1,-5.6,-23.7,1,18.1,-5.6,-23.7,1,18.2,-5.5,-23.7,1,18.2,-5.5,-23.7,1,18.2,-5.5,-23.7,1,18.2,-5.5,-23.7,1,18.2,-5.5,-23.7,1,18.2,-5.5,-23.7,1,18.2,-5.5,-23.8,1,18.3,-5.5,-23.7,1,18.2,-5.5,-23.7,1,18.299999999999997,-5.4,-23.8,1,18.3,-5.5,-23.8,1,18.200000000000003,-5.6,-23.7,1,18.1,-5.6,-23.6,1,18.200000000000003,-5.4,-23.6,1,18.1,-5.5,-23.7,1,18.1,-5.6,-23.7,1,18.2,-5.5,-23.7,1,18.2,-5.5,-23.7,1,18.1,-5.6,-23.7,1,18.2,-5.5,-23.7,1,18.299999999999997,-5.4,-23.7,1,18.4,-5.3,-23.7,1,18.299999999999997,-5.4,-23.8,1,18.3,-5.5,-23.8,1,18.200000000000003,-5.6,-23.7,1,18.299999999999997,-5.4,-23.7,1,18.2,-5.5,-23.7,1,18.299999999999997,-5.4,-23.7,1,18.1,-5.6,-23.7,1,18.1,-5.6,-23.8,1,18.3,-5.5,-23.6,1,18.1,-5.5,-23.7,1,18.1,-5.6,-23.7,1,18.1,-5.6,-23.7,1,18.1,-5.6,-23.7,1,18.0,-5.7,-23.7,1,17.9,-5.8,-23.7,1,18.0,-5.7,-23.7,1,17.9,-5.8,-23.7,1,17.9,-5.8,-23.8,1,18.1,-5.7,-23.8,1,18.1,-5.7,-23.7,1,18.0,-5.7,-23.7,1,18.0,-5.7,-23.7,1,18.0,-5.7,-23.7,1,18.1,-5.6,-23.7,1,18.1,-5.6,-23.7,1,18.1,-5.6,-23.6,1,18.1,-5.5,-23.7,1,18.1,-5.6,-23.7,1,18.2,-5.5,-23.7,1,18.2,-5.5,-23.7,1,18.299999999999997,-5.4,-23.6,1,18.200000000000003,-5.4,-23.7,1,18.299999999999997,-5.4,-23.7,1,18.299999999999997,-5.4,-23.8,1,18.3,-5.5,-23.8,1,18.3,-5.5,-23.8,1,18.3,-5.5,-23.7,1,18.2,-5.5,-23.7,1,18.1,-5.6,-23.7,1,18.1,-5.6,-23.7,1,18.1,-5.6,-23.7,1,18.0,-5.7,-23.8,1,18.0,-5.8,-23.7,1,17.799999999999997,-5.9,-23.7,1,17.799999999999997,-5.9,-23.7,1,17.7,-6.0,-23.7,1,17.6,-6.1,-23.7,1,17.6,-6.1,-23.8,1,17.8,-6.0,-23.8,1,17.700000000000003,-6.1,-23.7,1,17.7,-6.0,-23.6,1,17.6,-6.0,-23.7,1,17.7,-6.0,-23.7,1,17.6,-6.1,-23.7,1,17.6,-6.1,-23.6,1,17.400000000000002,-6.2,-23.7,1,17.5,-6.2,-23.7,1,17.5,-6.2,-23.7,1,17.4,-6.3,-23.7,1,17.5,-6.2,-23.7,1,17.5,-6.2,-23.6,1,17.5,-6.1,-23.7,1,17.5,-6.2,-23.7,1,17.6,-6.1,-23.7,1,17.7,-6.0,-23.7,1,17.799999999999997,-5.9
16,18.0,-4.84,13.19,-26.3,1,18.1,-8.2,-24.7,1,18.2,-6.5,-24.6,1,18.1,-6.5,-24.7,1,18.1,-6.6,-24.7,1,18.0,-6.7,-24.6,1,18.1,-6.5,-24.7,1,18.1,-6.6,-24.7,1,18.2,-6.5,-24.7,1,18.1,-6.6,-24.6,1,18.1,-6.5,-24.7,1,18.1,-6.6,-24.7,1,18.2,-6.5,-24.7,1,18.2,-6.5,-24.8,1,18.1,-6.7,-24.7,1,18.2,-6.5,-24.8,1,18.200000000000003,-6.6,-24.7,1,18.299999999999997,-6.4,-24.7,1,18.299999999999997,-6.4,-24.8,1,18.200000000000003,-6.6,-24.8,1,18.200000000000003,-6.6,-24.7,1,18.2,-6.5,-24.6,1,18.1,-6.5,-24.7,1,18.2,-6.5,-24.7,1,18.299999999999997,-6.4,-24.7,1,18.2,-6.5,-24.6,1,18.1,-6.5,-24.7,1,18.299999999999997,-6.4,-24.6,1,18.3,-6.3,-24.7,1,18.299999999999997,-6.4,-24.7,1,18.299999999999997,-6.4,-24.7,1,18.299999999999997,-6.4,-24.7,1,18.299999999999997,-6.4,-24.7,1,18.299999999999997,-6.4,-24.7,1,18.2,-6.5,-24.7,1,18.2,-6.5,-24.8,1,18.200000000000003,-6.6,-24.7,1,18.1,-6.6,-24.7,1,18.2,-6.5,-24.7,1,18.1,-6.6,-24.7,1,18.1,-6.6,-24.6,1,18.1,-6.5,-24.7,1,18.1,-6.6,-24.7,1,18.0,-6.7,-24.7,1,18.0,-6.7,-24.7,1,18.0,-6.7,-24.7,1,17.9,-6.8,-24.6,1,17.900000000000002,-6.7,-24.7,1,18.1,-6.6,-24.7,1,18.0,-6.7,-24.7,1,18.0,-6.7,-24.7,1,18.0,-6.7,-24.7,1,18.0,-6.7,-24.8,1,18.1,-6.7,-24.7,1,18.1,-6.6,-24.7,1,18.1,-6.6,-24.7,1,18.1,-6.6,-24.6,1,18.0,-6.6,-24.7,1,18.2,-6.5,-24.7,1,18.2,-6.5,-24.7,1,18.299999999999997,-6.4,-24.7,1,18.2,-6.5,-24.7,1,18.299999999999997,-6.4,-24.7,1,18.299999999999997,-6.4,-24.6,1,18.200000000000003,-6.4,-24.7,1,18.2,-6.5,-24.8,1,18.3,-6.5,-24.7,1,18.2,-6.5,-24.7,1,18.1,-6.6,-24.6,1,18.0,-6.6,-24.7,1,18.1,-6.6,-24.7,1,18.0,-6.7,-24.8,1,18.0,-6.8,-24.7,1,17.799999999999997,-6.9,-24.7,1,17.799999999999997,-6.9,-24.7,1,17.7,-7.0,-24.7,1,17.6,-7.1,-24.7,1,17.5,-7.2,-24.8,1,17.700000000000003,-7.1,-24.7,1,17.6,-7.1,-24.6,1,17.5,-7.1,-24.8,1,17.700000000000003,-7.1,-24.7,1,17.7,-7.0,-24.8,1,17.700000000000003,-7.1,-24.7,1,17.5,-7.2,-24.8,1,17.6,-7.2,-24.7,1,17.5,-7.2,-24.7,1,17.5,-7.2,-24.7,1,17.4,-7.3,-24.8,1,17.5,-7.3,-24.7,1,17.5,-7.2,-24.7,1,17.4,-7.3,-24.7,1,17.5,-7.2,-24.6,1,17.6,-7.0,-24.6,1,17.700000000000003,-6.9,-24.7,1,17.799999999999997,-6.9
17,18.0,-5.83,12.21,-26.3,1,18.1,-8.2,-25.7,1,18.1,-7.6,-25.6,1,18.1,-7.5,-25.7,1,18.1,-7.6,-25.7,1,18.1,-7.6,-25.7,1,18.1,-7.6,-25.7,1,18.1,-7.6,-25.7,1,18.2,-7.5,-25.7,1,18.2,-7.5,-25.6,1,18.0,-7.6,-25.7,1,18.2,-7.5,-25.8,1,18.200000000000003,-7.6,-25.8,1,18.200000000000003,-7.6,-25.7,1,18.1,-7.6,-25.7,1,18.299999999999997,-7.4,-25.8,1,18.200000000000003,-7.6,-25.7,1,18.2,-7.5,-25.7,1,18.299999999999997,-7.4,-25.8,1,18.200000000000003,-7.6,-25.8,1,18.3,-7.5,-25.7,1,18.2,-7.5,-25.6,1,18.200000000000003,-7.4,-25.6,1,18.1,-7.5,-25.7,1,18.2,-7.5,-25.7,1,18.2,-7.5,-25.8,1,18.200000000000003,-7.6,-25.7,1,18.2,-7.5,-25.7,1,18.4,-7.3,-25.7,1,18.299999999999997,-7.4,-25.7,1,18.299999999999997,-7.4,-25.7,1,18.4,-7.3,-25.7,1,18.299999999999997,-7.4,-25.7,1,18.299999999999997,-7.4,-25.7,1,18.299999999999997,-7.4,-25.7,1,18.299999999999997,-7.4,-25.8,1,18.200000000000003,-7.6,-25.8,1,18.200000000000003,-7.6,-25.7,1,18.299999999999997,-7.4,-25.7,1,18.2,-7.5,-25.7,1,18.0,-7.7,-25.8,1,18.200000000000003,-7.6,-25.7,1,18.0,-7.7,-25.7,1,18.0,-7.7,-25.7,1,18.0,-7.7,-25.7,1,17.9,-7.8,-25.8,1,18.0,-7.8,-25.7,1,17.9,-7.8,-25.8,1,18.1,-7.7,-25.8,1,18.1,-7.7,-25.7,1,18.0,-7.7,-25.7,1,18.0,-7.7,-25.7,1,18.0,-7.7,-25.7,1,18.1,-7.6,-25.8,1,18.1,-7.7,-25.7,1,18.1,-7.6,-25.7,1,18.1,-7.6,-25.6,1,18.1,-7.5,-25.7,1,18.2,-7.5,-25.7,1,18.2,-7.5,-25.7,1,18.299999999999997,-7.4,-25.7,1,18.2,-7.5,-25.7,1,18.299999999999997,-7.4,-25.7,1,18.299999999999997,-7.4,-25.7,1,18.2,-7.5,-25.8,1,18.3,-7.5,-25.8,1,18.3,-7.5,-25.8,1,18.200000000000003,-7.6,-25.7,1,18.1,-7.6,-25.7,1,18.2,-7.5,-25.7,1,18.1,-7.6,-25.7,1,18.0,-7.7,-25.6,1,17.900000000000002,-7.7,-25.6,1,17.900000000000002,-7.7,-25.6,1,17.8,-7.8,-25.7,1,17.7,-8.0,-25.7,1,17.7,-8.0,-25.7,1,17.5,-8.2,-25.7,1,17.7,-8.0,-25.7,1,17.6,-8.1,-25.7,1,17.6,-8.1,-25.6,1,17.6,-8.0,-25.7,1,17.7,-8.0,-25.8,1,17.6,-8.2,-25.6,1,17.5,-8.1,-25.7,1,17.6,-8.1,-25.6,1,17.5,-8.1,-25.7,1,17.5,-8.2,-25.7,1,17.4,-8.3,-25.7,1,17.5,-8.2,-25.7,1,17.5,-8.2,-25.7,1,17.4,-8.3,-25.7,1,17.5,-8.2,-25.8,1,17.700000000000003,-8.1,-25.7,1,17.6,-8.1,-25.7,1,17.799999999999997,-7.9
18,18.0,-5.13,12.9,-26.3,1,18.1,-8.2,-47.1,0,19.900000000000002,-27.2,-22.0,1,18.1,-3.9,-45.6,0,19.0,-26.6,-22.0,1,18.0,-4.0,-45.6,0,19.1,-26.5,-22.0,1,18.1,-3.9,-46.0,0,19.3,-26.7,-22.0,1,18.1,-3.9,-46.5,0,19.5,-27.0,-22.0,1,18.1,-3.9,-46.2,0,19.400000000000002,-26.8,-22.0,1,18.2,-3.8,-47.1,0,19.900000000000002,-27.2,-22.1,1,18.3,-3.8,-46.5,0,19.5,-27.0,-22.0,1,18.2,-3.8,-46.1,0,19.0,-27.1,-22.0,1,18.2,-3.8,-46.5,0,19.5,-27.0,-21.9,1,18.2,-3.7,-47.2,0,19.800000000000004,-27.4,-22.0,1,18.2,-3.8,-47.1,0,21.1,-26.0,-21.9,1,18.099999999999998,-3.8,-47.3,0,20.099999999999998,-27.2,-22.0,1,18.3,-3.7,-47.2,0,20.000000000000004,-27.2,-22.0,1,18.3,-3.7,-47.6,0,20.200000000000003,-27.4,-22.0,1,18.3,-3.7,-47.4,0,19.9,-27.5,-22.0,1,18.3,-3.7,-47.0,0,19.5,-27.5,-22.0,1,18.2,-3.8,-47.3,0,19.699999999999996,-27.6,-22.0,1,18.1,-3.9,-47.2,0,19.700000000000003,-27.5,-22.0,1,18.1,-3.9,-47.8,0,19.999999999999996,-27.8,-21.9,1,18.0,-3.9,-47.8,0,19.9,-27.9,-22.0,1,18.0,-4.0,-47.2,0,19.500000000000004,-27.7,-22.0,1,18.0,-4.0,-48.0,0,20.0,-28.0,-22.0,1,17.8,-4.2,-47.9,0,20.099999999999998,-27.8,-22.1,1,18.1,-4.0,-47.6,0,19.700000000000003,-27.9,-22.1,1,18.0,-4.1,-47.3,0,19.499999999999996,-27.8,-21.9,1,18.0,-3.9,-47.2,0,19.500000000000004,-27.7,-22.0,1,18.1,-3.9,-47.6,0,19.8,-27.8,-22.0,1,18.1,-3.9,-48.0,0,20.2,-27.8,-22.0,1,18.2,-3.8,-47.6,0,20.0,-27.6,-22.1,1,18.3,-3.8,-47.3,0,19.999999999999996,-27.3,-22.0,1,18.3,-3.7,-48.2,0,20.1,-28.1,-21.9,1,18.2,-3.7,-48.4,0,20.4,-28.0,-22.0,1,18.2,-3.8,-48.4,0,20.5,-27.9,-22.0,1,18.1,-3.9,-48.2,0,20.200000000000003,-28.0,-22.0,1,18.0,-4.0,-48.9,0,20.4,-28.5,-22.0,1,17.8,-4.2,-48.2,0,19.800000000000004,-28.4,-22.0,1,17.6,-4.4,-48.5,0,20.0,-28.5,-22.0,1,17.6,-4.4,-49.0,0,20.4,-28.6,-22.1,1,17.700000000000003,-4.4,-48.7,0,19.800000000000004,-28.9,-22.1,1,17.700000000000003,-4.4,-48.6,0,19.900000000000002,-28.7,-22.0,1,17.6,-4.4,-48.7,0,19.800000000000004,-28.9,-22.1,1,17.5,-4.6,-49.0,0,20.2,-28.8,-22.0,1,17.4,-4.6,-49.8,0,20.799999999999997,-29.0,-22.0,1,17.5,-4.5,-50.0,0,20.8,-29.2,-22.0,1,17.4,-4.6,-49.7,0,20.200000000000003,-29.5,-22.0,1,17.6,-4.4,-49.2,0,19.800000000000004,-29.4,-21.9,1,17.7,-4.2
19,18.0,-9.08,9.01,-26.3,1,18.1,-8.2,-48.1,0,20.5,-27.6,-26.0,1,18.1,-7.9,-48.1,0,20.5,-27.6,-26.0,1,18.0,-8.0,-48.0,0,20.3,-27.7,-26.0,1,18.1,-7.9,-48.3,0,20.599999999999998,-27.7,-26.1,1,18.200000000000003,-7.9,-48.5,0,20.5,-28.0,-26.0,1,18.1,-7.9,-48.3,0,20.299999999999997,-28.0,-26.0,1,18.2,-7.8,-48.9,0,21.0,-27.9,-25.9,1,18.2,-7.7,-47.8,0,19.799999999999997,-28.0,-26.0,1,18.2,-7.8,-47.9,0,19.9,-28.0,-26.0,1,18.2,-7.8,-48.3,0,20.299999999999997,-28.0,-26.0,1,18.3,-7.7,-49.0,0,20.6,-28.4,-26.0,1,18.2,-7.8,-48.8,0,22.099999999999998,-26.7,-26.0,1,18.2,-7.8,-49.2,0,20.900000000000002,-28.3,-26.0,1,18.2,-7.8,-49.4,0,21.099999999999998,-28.3,-26.0,1,18.3,-7.7,-49.6,0,21.200000000000003,-28.4,-26.0,1,18.3,-7.7,-48.8,0,20.599999999999998,-28.2,-26.0,1,18.3,-7.7,-48.6,0,20.3,-28.3,-26.0,1,18.2,-7.8,-48.3,0,19.999999999999996,-28.3,-26.0,1,18.2,-7.8,-48.8,0,20.699999999999996,-28.1,-26.0,1,18.1,-7.9,-49.4,0,20.9,-28.5,-26.0,1,18.1,-7.9,-49.2,0,20.700000000000003,-28.5,-26.0,1,18.0,-8.0,-49.0,0,20.6,-28.4,-26.0,1,18.0,-8.0,-49.5,0,20.7,-28.8,-26.0,1,17.9,-8.1,-48.9,0,20.4,-28.5,-26.0,1,18.0,-8.0,-48.5,0,20.2,-28.3,-26.0,1,17.9,-8.1,-47.8,0,19.499999999999996,-28.3,-26.0,1,18.1,-7.9,-48.0,0,19.7,-28.3,-26.0,1,18.1,-7.9,-48.8,0,20.299999999999997,-28.5,-26.0,1,18.2,-7.8,-49.3,0,20.999999999999996,-28.3,-26.0,1,18.2,-7.8,-48.4,0,20.2,-28.2,-25.9,1,18.299999999999997,-7.6,-47.5,0,19.6,-27.9,-26.0,1,18.2,-7.8,-49.3,0,20.699999999999996,-28.6,-26.0,1,18.2,-7.8,-49.2,0,20.6,-28.6,-26.0,1,18.2,-7.8,-49.6,0,21.0,-28.6,-26.0,1,18.2,-7.8,-49.7,0,21.1,-28.6,-26.0,1,18.0,-8.0,-50.0,0,21.0,-29.0,-25.9,1,17.9,-8.0,-49.2,0,20.300000000000004,-28.9,-26.0,1,17.7,-8.3,-49.6,0,20.6,-29.0,-26.0,1,17.6,-8.4,-49.7,0,20.6,-29.1,-26.0,1,17.6,-8.4,-49.6,0,20.3,-29.3,-26.0,1,17.7,-8.3,-49.6,0,20.400000000000002,-29.2,-26.0,1,17.6,-8.4,-49.9,0,20.4,-29.5,-26.0,1,17.5,-8.5,-49.4,0,20.2,-29.2,-26.0,1,17.5,-8.5,-50.0,0,20.4,-29.6,-26.0,1,17.4,-8.6,-50.0,0,20.4,-29.6,-26.0,1,17.5,-8.5,-50.0,0,20.4,-29.6,-26.0,1,17.5,-8.5,-50.0,0,20.4,-29.6,-26.0,1,17.7,-8.3
20,18.0,-4.9,13.14,-50.0,0,21.8,-28.2,-24.1,1,18.1,-6.0,-46.2,0,19.300000000000004,-26.9,-21.6,1,18.0,-3.6,-45.8,0,19.199999999999996,-26.6,-21.6,1,18.1,-3.5,-45.7,0,19.000000000000004,-26.7,-21.7,1,18.099999999999998,-3.6,-46.1,0,19.200000000000003,-26.9,-21.7,1,18.099999999999998,-3.6,-45.8,0,18.999999999999996,-26.8,-21.7,1,18.2,-3.5,-46.3,0,19.4,-26.9,-21.7,1,18.099999999999998,-3.6,-46.7,0,19.700000000000003,-27.0,-21.6,1,18.1,-3.5,-46.3,0,19.4,-26.9,-21.7,1,18.2,-3.5,-45.8,0,19.099999999999998,-26.7,-21.7,1,18.099999999999998,-3.6,-46.8,0,19.9,-26.9,-21.6,1,18.1,-3.5,-46.9,0,19.799999999999997,-27.1,-21.6,1,18.1,-3.5,-47.3,0,20.099999999999998,-27.2,-21.7,1,18.099999999999998,-3.6,-47.0,0,19.8,-27.2,-21.6,1,18.3,-3.3,-47.2,0,19.900000000000002,-27.3,-21.7,1,18.3,-3.4,-47.4,0,20.0,-27.4,-21.7,1,18.2,-3.5,-47.4,0,20.0,-27.4,-21.6,1,18.200000000000003,-3.4,-46.7,0,19.400000000000002,-27.3,-21.6,1,18.1,-3.5,-46.9,0,19.5,-27.4,-21.7,1,18.2,-3.5,-47.4,0,19.799999999999997,-27.6,-21.7,1,18.0,-3.7,-47.9,0,19.9,-28.0,-21.7,1,18.0,-3.7,-47.0,0,19.3,-27.7,-21.7,1,17.9,-3.8,-47.3,0,19.599999999999998,-27.7,-21.7,1,18.0,-3.7,-47.5,0,19.8,-27.7,-21.7,1,18.099999999999998,-3.6,-47.1,0,19.5,-27.6,-21.7,1,18.0,-3.7,-46.6,0,19.1,-27.5,-21.8,1,18.0,-3.8,-47.4,0,20.0,-27.4,-21.7,1,18.099999999999998,-3.6,-47.0,0,19.3,-27.7,-21.7,1,18.099999999999998,-3.6,-47.5,0,19.7,-27.8,-21.7,1,18.099999999999998,-3.6,-47.3,0,19.799999999999997,-27.5,-21.7,1,18.3,-3.4,-47.2,0,19.700000000000003,-27.5,-21.7,1,18.2,-3.5,-47.6,0,19.700000000000003,-27.9,-21.7,1,18.3,-3.4,-48.2,0,20.300000000000004,-27.9,-21.8,1,18.3,-3.5,-48.1,0,20.0,-28.1,-21.7,1,18.2,-3.5,-48.1,0,20.1,-28.0,-21.8,1,18.1,-3.7,-47.7,0,19.800000000000004,-27.9,-21.8,1,18.0,-3.8,-48.0,0,19.9,-28.1,-21.7,1,17.7,-4.0,-48.3,0,19.9,-28.4,-21.7,1,17.6,-4.1,-48.7,0,20.300000000000004,-28.4,-21.7,1,17.6,-4.1,-49.0,0,20.3,-28.7,-21.7,1,17.6,-4.1,-48.9,0,20.099999999999998,-28.8,-21.7,1,17.6,-4.1,-48.4,0,19.4,-29.0,-21.7,1,17.5,-4.2,-47.8,0,18.999999999999996,-28.8,-21.7,1,17.4,-4.3,-49.5,0,20.4,-29.1,-21.7,1,17.4,-4.3,-49.1,0,20.0,-29.1,-21.7,1,17.4,-4.3,-49.6,0,20.5,-29.1,-21.7,1,17.5,-4.2,-49.4,0,20.4,-29.0,-21.6,1,17.700000000000003,-3.9,-48.2,0,19.400000000000002,-28.8
21,18.0,-8.87,9.22,-50.0,0,21.8,-28.2,-25.6,1,18.200000000000003,-7.4,-47.7,0,20.300000000000004,-27.4,-25.7,1,18.1,-7.6,-47.9,0,20.299999999999997,-27.6,-25.8,1,18.200000000000003,-7.6,-47.3,0,19.599999999999998,-27.7,-25.7,1,18.1,-7.6,-48.2,0,20.300000000000004,-27.9,-25.7,1,18.2,-7.5,-48.1,0,20.3,-27.8,-25.7,1,18.2,-7.5,-48.5,0,20.7,-27.8,-25.7,1,18.1,-7.6,-48.7,0,20.800000000000004,-27.9,-25.8,1,18.200000000000003,-7.6,-48.3,0,20.4,-27.9,-25.7,1,18.2,-7.5,-47.7,0,20.1,-27.6,-25.7,1,18.2,-7.5,-48.7,0,21.000000000000004,-27.7,-25.7,1,18.2,-7.5,-48.8,0,20.799999999999997,-28.0,-25.7,1,18.2,-7.5,-48.9,0,21.0,-27.9,-25.6,1,18.1,-7.5,-48.7,0,20.6,-28.1,-25.7,1,18.4,-7.3,-49.0,0,20.8,-28.2,-25.7,1,18.299999999999997,-7.4,-48.9,0,20.599999999999998,-28.3,-25.7,1,18.2,-7.5,-49.0,0,20.8,-28.2,-25.7,1,18.2,-7.5,-48.1,0,19.900000000000002,-28.2,-25.7,1,18.2,-7.5,-48.2,0,19.900000000000002,-28.3,-25.6,1,18.200000000000003,-7.4,-49.1,0,20.8,-28.3,-25.8,1,18.1,-7.7,-49.1,0,20.5,-28.6,-25.7,1,18.0,-7.7,-48.6,0,20.1,-28.5,-25.7,1,18.0,-7.7,-48.8,0,20.299999999999997,-28.5,-25.8,1,17.9,-7.9,-48.8,0,20.199999999999996,-28.6,-25.7,1,18.0,-7.7,-48.4,0,20.0,-28.4,-25.7,1,18.0,-7.7,-47.6,0,19.400000000000002,-28.2,-25.8,1,18.1,-7.7,-48.1,0,20.200000000000003,-27.9,-25.7,1,18.1,-7.6,-48.4,0,20.099999999999998,-28.3,-25.6,1,18.1,-7.5,-48.2,0,19.900000000000002,-28.3,-25.7,1,18.1,-7.6,-48.7,0,20.500000000000004,-28.2,-25.7,1,18.299999999999997,-7.4,-48.5,0,20.2,-28.3,-25.7,1,18.299999999999997,-7.4,-49.3,0,20.699999999999996,-28.6,-25.7,1,18.299999999999997,-7.4,-49.3,0,20.599999999999998,-28.7,-25.7,1,18.2,-7.5,-49.3,0,20.699999999999996,-28.6,-25.7,1,18.1,-7.6,-49.3,0,20.799999999999997,-28.5,-25.7,1,18.0,-7.7,-49.4,0,20.9,-28.5,-25.6,1,17.900000000000002,-7.7,-49.7,0,20.900000000000002,-28.8,-25.7,1,17.799999999999997,-7.9,-49.7,0,20.700000000000003,-29.0,-25.7,1,17.6,-8.1,-49.9,0,20.7,-29.2,-25.7,1,17.6,-8.1,-49.8,0,20.499999999999996,-29.3,-25.7,1,17.6,-8.1,-49.9,0,20.599999999999998,-29.3,-25.7,1,17.6,-8.1,-49.7,0,20.300000000000004,-29.4,-25.6,1,17.5,-8.1,-49.6,0,20.400000000000002,-29.2,-25.8,1,17.5,-8.3,-50.0,0,20.5,-29.5,-25.7,1,17.4,-8.3,-50.0,0,20.5,-29.5,-25.7,1,17.4,-8.3,-50.0,0,20.3,-29.7,-25.7,1,17.5,-8.2,-50.0,0,20.3,-29.7,-25.8,1,17.700000000000003,-8.1,-49.5,0,20.1,-29.4
22,18.0,-5.21,12.83,-26.3,1,18.1,-8.2,-24.1,1,18.1,-6.0,-22.0,1,18.0,-4.0,-22.0,1,18.0,-4.0,-22.0,1,18.0,-4.0,-22.0,1,18.0,-4.0,-22.0,1,18.0,-4.0,-22.0,1,17.9,-4.1,-22.0,1,18.0,-4.0,-22.0,1,18.0,-4.0,-22.1,1,18.0,-4.1,-22.0,1,18.0,-4.0,-22.1,1,18.1,-4.0,-22.0,1,18.0,-4.0,-22.0,1,18.0,-4.0,-22.0,1,18.0,-4.0,-22.0,1,18.0,-4.0,-22.1,1,18.0,-4.1,-22.0,1,17.9,-4.1,-22.0,1,18.0,-4.0,-22.0,1,18.0,-4.0,-22.0,1,17.9,-4.1,-22.0,1,17.9,-4.1,-22.0,1,17.9,-4.1,-22.0,1,17.9,-4.1,-22.0,1,17.9,-4.1,-22.0,1,18.0,-4.0,-21.9,1,18.099999999999998,-3.8,-21.9,1,18.0,-3.9,-21.9,1,18.0,-3.9,-21.9,1,18.0,-3.9,-22.0,1,18.0,-4.0,-21.9,1,18.0,-3.9,-22.0,1,18.0,-4.0,-22.0,1,18.0,-4.0,-22.0,1,17.9,-4.1,-22.0,1,17.9,-4.1,-22.0,1,18.0,-4.0,-22.0,1,17.9,-4.1,-22.0,1,17.9,-4.1,-22.0,1,17.9,-4.1,-22.0,1,17.9,-4.1,-22.0,1,17.8,-4.2,-22.0,1,17.8,-4.2,-21.9,1,17.799999999999997,-4.1,-22.0,1,17.7,-4.3,-22.0,1,17.7,-4.3,-22.0,1,17.9,-4.1,-47.4,0,19.4,-28.0,-50.0,0,20.6,-29.4,-50.0,0,20.8,-29.2,-50.0,0,20.8,-29.2,-50.0,0,21.1,-28.9,-50.0,0,20.8,-29.2,-50.0,0,20.7,-29.3,-50.0,0,20.6,-29.4,-50.0,0,20.6,-29.4,-50.0,0,20.8,-29.2,-50.0,0,20.6,-29.4,-50.0,0,20.6,-29.4,-50.0,0,20.5,-29.5,-49.9,0,21.299999999999997,-28.6,-50.0,0,20.5,-29.5,-50.0,0,20.5,-29.5,-50.0,0,20.4,-29.6,-50.0,0,20.5,-29.5,-50.0,0,20.4,-29.6,-50.0,0,20.4,-29.6,-50.0,0,20.3,-29.7,-50.0,0,20.2,-29.8,-50.0,0,20.2,-29.8,-50.0,0,20.1,-29.9,-50.0,0,20.0,-30.0,-50.0,0,19.8,-30.2,-50.0,0,20.0,-30.0,-50.0,0,19.9,-30.1,-50.0,0,19.9,-30.1,-50.0,0,19.9,-30.1,-50.0,0,19.9,-30.1,-50.0,0,19.8,-30.2,-50.0,0,19.9,-30.1,-50.0,0,19.9,-30.1,-50.0,0,19.8,-30.2,-50.0,0,20.0,-30.0,-50.0,0,19.8,-30.2,-50.0,0,19.8,-30.2,-50.0,0,19.7,-30.3,-50.0,0,19.6,-30.4,-50.0,0,19.7,-30.3,-50.0,0,19.7,-30.3,-50.0,0,19.6,-30.4,-50.0,0,19.5,-30.5,-50.0,0,19.6,-30.4,-50.0,0,19.5,-30.5,-50.0,0,19.5,-30.5
23,18.0,-9.13,8.97,-26.3,1,18.0,-8.3,-25.9,1,18.0,-7.9,-26.0,1,18.0,-8.0,-26.0,1,18.1,-7.9,-26.0,1,18.0,-8.0,-26.0,1,18.0,-8.0,-25.9,1,17.9,-8.0,-26.0,1,18.0,-8.0,-26.0,1,18.0,-8.0,-26.1,1,18.1,-8.0,-26.0,1,18.1,-7.9,-26.0,1,18.0,-8.0,-26.0,1,18.1,-7.9,-26.0,1,18.0,-8.0,-26.0,1,18.0,-8.0,-26.0,1,18.0,-8.0,-26.0,1,18.1,-7.9,-26.0,1,18.0,-8.0,-25.9,1,17.9,-8.0,-26.0,1,18.0,-8.0,-26.0,1,18.1,-7.9,-26.0,1,18.0,-8.0,-26.0,1,18.0,-8.0,-26.0,1,18.0,-8.0,-26.1,1,18.0,-8.1,-26.0,1,17.9,-8.1,-26.0,1,18.1,-7.9,-26.1,1,18.200000000000003,-7.9,-26.0,1,18.1,-7.9,-25.9,1,18.0,-7.9,-25.9,1,18.0,-7.9,-26.0,1,18.0,-8.0,-26.1,1,18.1,-8.0,-26.0,1,18.1,-7.9,-26.0,1,18.0,-8.0,-26.0,1,17.9,-8.1,-26.0,1,17.9,-8.1,-26.0,1,18.1,-7.9,-26.0,1,17.9,-8.1,-26.0,1,17.9,-8.1,-26.0,1,17.9,-8.1,-26.0,1,17.9,-8.1,-26.0,1,17.8,-8.2,-26.0,1,17.9,-8.1,-26.1,1,17.900000000000002,-8.2,-26.1,1,17.8,-8.3,-25.9,1,17.7,-8.2,-26.1,1,17.900000000000002,-8.2,-48.4,0,19.799999999999997,-28.6,-50.0,0,20.4,-29.6,-50.0,0,20.7,-29.3,-50.0,0,20.8,-29.2,-50.0,0,20.9,-29.1,-50.0,0,20.8,-29.2,-50.0,0,20.6,-29.4,-50.0,0,20.6,-29.4,-50.0,0,20.6,-29.4,-50.0,0,20.7,-29.3,-50.0,0,20.4,-29.6,-50.0,0,20.5,-29.5,-50.0,0,20.6,-29.4,-49.8,0,21.099999999999998,-28.7,-50.0,0,20.4,-29.6,-50.0,0,20.4,-29.6,-50.0,0,20.3,-29.7,-50.0,0,20.3,-29.7,-50.0,0,20.3,-29.7,-50.0,0,20.3,-29.7,-50.0,0,20.2,-29.8,-50.0,0,20.1,-29.9,-50.0,0,20.1,-29.9,-50.0,0,19.9,-30.1,-50.0,0,19.9,-30.1,-50.0,0,19.9,-30.1,-50.0,0,19.9,-30.1,-50.0,0,19.8,-30.2,-50.0,0,19.7,-30.3,-50.0,0,19.8,-30.2,-50.0,0,19.8,-30.2,-50.0,0,19.7,-30.3,-50.0,0,19.8,-30.2,-50.0,0,19.8,-30.2,-50.0,0,19.7,-30.3,-50.0,0,19.8,-30.2,-50.0,0,19.7,-30.3,-50.0,0,19.7,-30.3,-50.0,0,19.4,-30.6,-50.0,0,19.4,-30.6,-50.0,0,19.5,-30.5,-50.0,0,19.5,-30.5,-50.0,0,19.4,-30.6,-50.0,0,19.4,-30.6,-50.0,0,19.5,-30.5,-50.0,0,19.5,-30.5,-50.0,0,19.4,-30.6
24,18.0,-4.78,13.25,-50.0,0,22.1,-27.9,-50.0,0,21.9,-28.1,-50.0,0,21.9,-28.1,-50.0,0,21.8,-28.2,-50.0,0,21.8,-28.2,-50.0,0,21.7,-28.3,-49.6,0,21.3,-28.3,-50.0,0,21.7,-28.3,-50.0,0,21.7,-28.3,-50.0,0,21.6,-28.4,-50.0,0,21.6,-28.4,-50.0,0,21.5,-28.5,-50.0,0,21.6,-28.4,-50.0,0,21.5,-28.5,-50.0,0,21.6,-28.4,-50.0,0,21.4,-28.6,-50.0,0,21.5,-28.5,-50.0,0,21.5,-28.5,-50.0,0,21.9,-28.1,-50.0,0,21.4,-28.6,-50.0,0,22.0,-28.0,-50.0,0,21.4,-28.6,-50.0,0,21.4,-28.6,-50.0,0,23.2,-26.8,-50.0,0,21.8,-28.2,-50.0,0,21.3,-28.7,-50.0,0,21.3,-28.7,-50.0,0,21.4,-28.6,-50.0,0,21.3,-28.7,-50.0,0,21.3,-28.7,-50.0,0,21.2,-28.8,-50.0,0,21.4,-28.6,-50.0,0,21.4,-28.6,-50.0,0,21.4,-28.6,-50.0,0,21.3,-28.7,-50.0,0,21.3,-28.7,-50.0,0,21.3,-28.7,-50.0,0,21.5,-28.5,-50.0,0,21.3,-28.7,-50.0,0,21.2,-28.8,-50.0,0,21.2,-28.8,-50.0,0,21.1,-28.9,-50.0,0,21.2,-28.8,-50.0,0,21.2,-28.8,-50.0,0,21.0,-29.0,-50.0,0,20.9,-29.1,-50.0,0,21.0,-29.0,-50.0,0,21.2,-28.8,-21.7,1,18.3,-3.4,-21.6,1,18.3,-3.3,-21.6,1,18.200000000000003,-3.4,-21.6,1,18.200000000000003,-3.4,-21.6,1,18.3,-3.3,-21.6,1,18.3,-3.3,-21.6,1,18.3,-3.3,-21.6,1,18.3,-3.3,-21.6,1,18.3,-3.3,-21.6,1,18.3,-3.3,-21.6,1,18.400000000000002,-3.2,-21.6,1,18.5,-3.1,-21.7,1,18.5,-3.2,-21.6,1,18.400000000000002,-3.2,-21.6,1,18.400000000000002,-3.2,-21.6,1,18.5,-3.1,-21.7,1,18.5,-3.2,-21.7,1,18.5,-3.2,-21.6,1,18.400000000000002,-3.2,-21.6,1,18.3,-3.3,-21.5,1,18.2,-3.3,-21.6,1,18.200000000000003,-3.4,-21.6,1,18.200000000000003,-3.4,-21.7,1,18.2,-3.5,-21.7,1,18.099999999999998,-3.6,-21.6,1,18.0,-3.6,-21.6,1,17.8,-3.8,-21.6,1,17.700000000000003,-3.9,-21.6,1,17.700000000000003,-3.9,-21.6,1,17.8,-3.8,-21.5,1,17.7,-3.8,-21.6,1,17.700000000000003,-3.9,-21.6,1,17.700000000000003,-3.9,-21.7,1,17.8,-3.9,-21.6,1,17.700000000000003,-3.9,-21.6,1,17.6,-4.0,-21.6,1,17.5,-4.1,-21.6,1,17.5,-4.1,-21.6,1,17.5,-4.1,-21.6,1,17.5,-4.1,-21.6,1,17.5,-4.1,-21.6,1,17.6,-4.0,-21.6,1,17.6,-4.0,-21.6,1,17.700000000000003,-3.9,-21.6,1,17.8,-3.8,-21.6,1,18.0,-3.6,-21.7,1,18.2,-3.5
25,18.0,-8.85,9.23,-50.0,0,22.0,-28.0,-50.0,0,21.8,-28.2,-50.0,0,21.7,-28.3,-50.0,0,21.6,-28.4,-50.0,0,21.6,-28.4,-50.0,0,21.5,-28.5,-49.7,0,21.400000000000002,-28.3,-50.0,0,21.5,-28.5,-50.0,0,21.6,-28.4,-50.0,0,21.5,-28.5,-50.0,0,21.5,-28.5,-50.0,0,21.6,-28.4,-50.0,0,21.5,-28.5,-50.0,0,21.4,-28.6,-50.0,0,21.4,-28.6,-50.0,0,21.3,-28.7,-50.0,0,21.3,-28.7,-50.0,0,21.4,-28.6,-50.0,0,21.7,-28.3,-50.0,0,21.3,-28.7,-50.0,0,21.9,-28.1,-50.0,0,21.2,-28.8,-50.0,0,21.4,-28.6,-50.0,0,23.1,-26.9,-50.0,0,21.7,-28.3,-50.0,0,21.2,-28.8,-50.0,0,21.3,-28.7,-50.0,0,21.3,-28.7,-50.0,0,21.2,-28.8,-50.0,0,21.2,-28.8,-50.0,0,21.2,-28.8,-50.0,0,21.3,-28.7,-50.0,0,21.2,-28.8,-50.0,0,21.2,-28.8,-50.0,0,21.2,-28.8,-50.0,0,21.1,-28.9,-50.0,0,21.2,-28.8,-50.0,0,21.3,-28.7,-50.0,0,21.2,-28.8,-50.0,0,21.0,-29.0,-50.0,0,21.0,-29.0,-50.0,0,21.1,-28.9,-50.0,0,21.1,-28.9,-50.0,0,21.0,-29.0,-50.0,0,20.9,-29.1,-50.0,0,20.9,-29.1,-50.0,0,21.0,-29.0,-50.0,0,20.9,-29.1,-25.7,1,18.2,-7.5,-25.7,1,18.299999999999997,-7.4,-25.7,1,18.299999999999997,-7.4,-25.7,1,18.2,-7.5,-25.7,1,18.299999999999997,-7.4,-25.6,1,18.200000000000003,-7.4,-25.7,1,18.299999999999997,-7.4,-25.7,1,18.299999999999997,-7.4,-25.7,1,18.299999999999997,-7.4,-25.7,1,18.4,-7.3,-25.7,1,18.4,-7.3,-25.7,1,18.5,-7.2,-25.7,1,18.5,-7.2,-25.7,1,18.5,-7.2,-25.7,1,18.5,-7.2,-25.6,1,18.400000000000002,-7.2,-25.8,1,18.5,-7.3,-25.7,1,18.4,-7.3,-25.8,1,18.5,-7.3,-25.7,1,18.299999999999997,-7.4,-25.7,1,18.299999999999997,-7.4,-25.7,1,18.2,-7.5,-25.7,1,18.2,-7.5,-25.6,1,18.200000000000003,-7.4,-25.7,1,18.1,-7.6,-25.7,1,18.0,-7.7,-25.6,1,17.8,-7.8,-25.6,1,17.700000000000003,-7.9,-25.6,1,17.700000000000003,-7.9,-25.7,1,17.799999999999997,-7.9,-25.8,1,17.9,-7.9,-25.7,1,17.799999999999997,-7.9,-25.8,1,17.8,-8.0,-25.7,1,17.799999999999997,-7.9,-25.6,1,17.6,-8.0,-25.7,1,17.7,-8.0,-25.6,1,17.5,-8.1,-25.6,1,17.6,-8.0,-25.7,1,17.5,-8.2,-25.7,1,17.5,-8.2,-25.7,1,17.6,-8.1,-25.7,1,17.6,-8.1,-25.7,1,17.6,-8.1,-25.7,1,17.7,-8.0,-25.8,1,17.9,-7.9,-25.7,1,17.9,-7.8,-25.7,1,18.1,-7.6
26,21.0,-4.82,16.2,-26.3,1,21.1,-5.2,-24.7,1,21.099999999999998,-3.6,-24.7,1,21.099999999999998,-3.6,-24.7,1,21.0,-3.7,-24.6,1,21.0,-3.6,-24.6,1,21.0,-3.6,-24.7,1,21.0,-3.7,-24.7,1,21.0,-3.7,-24.7,1,21.0,-3.7,-24.7,1,21.099999999999998,-3.6,-24.7,1,21.099999999999998,-3.6,-24.6,1,21.1,-3.5,-24.7,1,21.2,-3.5,-24.6,1,21.1,-3.5,-24.7,1,21.2,-3.5,-24.7,1,21.2,-3.5,-24.8,1,21.2,-3.6,-24.8,1,21.2,-3.6,-24.7,1,21.2,-3.5,-24.7,1,21.099999999999998,-3.6,-24.7,1,21.2,-3.5,-24.7,1,21.2,-3.5,-24.7,1,21.099999999999998,-3.6,-24.7,1,21.2,-3.5,-24.7,1,21.099999999999998,-3.6,-24.7,1,21.2,-3.5,-24.7,1,21.2,-3.5,-24.7,1,21.3,-3.4,-24.7,1,21.3,-3.4,-24.7,1,21.3,-3.4,-24.7,1,21.3,-3.4,-24.7,1,21.2,-3.5,-24.7,1,21.3,-3.4,-24.7,1,21.3,-3.4,-24.7,1,21.3,-3.4,-24.7,1,21.2,-3.5,-24.7,1,21.2,-3.5,-24.6,1,21.3,-3.3,-24.7,1,21.2,-3.5,-24.7,1,21.099999999999998,-3.6,-24.7,1,21.099999999999998,-3.6,-24.7,1,21.099999999999998,-3.6,-24.7,1,21.0,-3.7,-24.7,1,21.0,-3.7,-24.7,1,21.0,-3.7,-24.7,1,20.9,-3.8,-24.7,1,20.9,-3.8,-24.7,1,21.099999999999998,-3.6,-24.7,1,21.0,-3.7,-24.8,1,21.1,-3.7,-24.7,1,21.0,-3.7,-24.7,1,21.0,-3.7,-24.8,1,21.1,-3.7,-24.7,1,21.099999999999998,-3.6,-24.7,1,21.099999999999998,-3.6,-24.7,1,21.099999999999998,-3.6,-24.7,1,21.2,-3.5,-24.7,1,21.2,-3.5,-24.7,1,21.2,-3.5,-24.7,1,21.3,-3.4,-24.7,1,21.2,-3.5,-24.7,1,21.3,-3.4,-24.7,1,21.3,-3.4,-24.7,1,21.3,-3.4,-24.7,1,21.3,-3.4,-24.7,1,21.3,-3.4,-24.7,1,21.2,-3.5,-24.7,1,21.2,-3.5,-24.7,1,21.099999999999998,-3.6,-24.8,1,21.1,-3.7,-24.7,1,21.0,-3.7,-24.7,1,21.0,-3.7,-24.7,1,20.9,-3.8,-24.8,1,20.900000000000002,-3.9,-24.7,1,20.7,-4.0,-24.7,1,20.6,-4.1,-24.7,1,20.6,-4.1,-24.7,1,20.6,-4.1,-24.7,1,20.7,-4.0,-24.7,1,20.7,-4.0,-24.7,1,20.7,-4.0,-24.7,1,20.6,-4.1,-24.7,1,20.6,-4.1,-24.7,1,20.6,-4.1,-24.7,1,20.6,-4.1,-24.7,1,20.6,-4.1,-24.7,1,20.5,-4.2,-24.8,1,20.5,-4.3,-24.7,1,20.5,-4.2,-24.7,1,20.5,-4.2,-24.7,1,20.6,-4.1,-24.7,1,20.6,-4.1,-24.7,1,20.7,-4.0,-24.6,1,20.700000000000003,-3.9,-24.6,1,20.700000000000003,-3.9
27,21.0,-5.92,15.11,-26.3,1,21.1,-5.2,-25.8,1,21.1,-4.7,-25.8,1,21.0,-4.8,-25.8,1,21.0,-4.8,-25.9,1,21.099999999999998,-4.8,-25.9,1,21.099999999999998,-4.8,-25.9,1,21.099999999999998,-4.8,-25.8,1,21.1,-4.7,-25.8,1,21.200000000000003,-4.6,-25.8,1,21.1,-4.7,-25.8,1,21.1,-4.7,-25.8,1,21.200000000000003,-4.6,-25.8,1,21.200000000000003,-4.6,-25.8,1,21.200000000000003,-4.6,-25.8,1,21.200000000000003,-4.6,-25.8,1,21.200000000000003,-4.6,-25.8,1,21.200000000000003,-4.6,-25.8,1,21.200000000000003,-4.6,-25.9,1,21.2,-4.7,-25.8,1,21.200000000000003,-4.6,-25.8,1,21.200000000000003,-4.6,-25.8,1,21.1,-4.7,-25.8,1,21.1,-4.7,-25.8,1,21.200000000000003,-4.6,-25.8,1,21.1,-4.7,-25.8,1,21.200000000000003,-4.6,-25.8,1,21.200000000000003,-4.6,-25.9,1,21.4,-4.5,-25.9,1,21.4,-4.5,-25.8,1,21.3,-4.5,-25.8,1,21.3,-4.5,-25.8,1,21.3,-4.5,-25.8,1,21.200000000000003,-4.6,-25.8,1,21.200000000000003,-4.6,-25.8,1,21.3,-4.5,-25.7,1,21.1,-4.6,-25.8,1,21.200000000000003,-4.6,-25.8,1,21.200000000000003,-4.6,-25.8,1,21.1,-4.7,-25.8,1,21.1,-4.7,-25.8,1,21.1,-4.7,-25.8,1,21.1,-4.7,-25.8,1,21.0,-4.8,-25.8,1,21.0,-4.8,-25.9,1,21.0,-4.9,-25.8,1,21.0,-4.8,-25.8,1,21.0,-4.8,-25.8,1,21.1,-4.7,-25.8,1,21.0,-4.8,-25.9,1,21.0,-4.9,-25.8,1,21.0,-4.8,-25.8,1,21.0,-4.8,-25.8,1,21.1,-4.7,-25.8,1,21.0,-4.8,-25.7,1,21.1,-4.6,-25.8,1,21.1,-4.7,-25.8,1,21.1,-4.7,-25.8,1,21.200000000000003,-4.6,-25.8,1,21.200000000000003,-4.6,-25.8,1,21.3,-4.5,-25.8,1,21.200000000000003,-4.6,-25.8,1,21.3,-4.5,-25.8,1,21.3,-4.5,-25.8,1,21.3,-4.5,-25.7,1,21.2,-4.5,-25.8,1,21.3,-4.5,-25.8,1,21.3,-4.5,-25.8,1,21.1,-4.7,-25.8,1,21.1,-4.7,-25.8,1,21.1,-4.7,-25.8,1,21.1,-4.7,-25.8,1,21.0,-4.8,-25.9,1,20.9,-5.0,-25.8,1,20.9,-4.9,-25.8,1,20.700000000000003,-5.1,-25.8,1,20.6,-5.2,-25.8,1,20.700000000000003,-5.1,-25.8,1,20.700000000000003,-5.1,-25.8,1,20.700000000000003,-5.1,-25.9,1,20.599999999999998,-5.3,-25.8,1,20.700000000000003,-5.1,-25.8,1,20.700000000000003,-5.1,-25.8,1,20.700000000000003,-5.1,-25.8,1,20.6,-5.2,-25.7,1,20.5,-5.2,-25.8,1,20.6,-5.2,-25.8,1,20.5,-5.3,-25.8,1,20.5,-5.3,-25.8,1,20.6,-5.2,-25.8,1,20.5,-5.3,-25.8,1,20.5,-5.3,-25.8,1,20.6,-5.2,-25.8,1,20.700000000000003,-5.1,-25.9,1,20.799999999999997,-5.1,-25.8,1,20.8,-5.0
28,21.0,-6.82,14.23,-26.7,1,21.1,-5.6,-26.7,1,21.2,-5.5,-26.7,1,21.2,-5.5,-26.7,1,21.1,-5.6,-26.6,1,21.0,-5.6,-26.7,1,21.1,-5.6,-26.7,1,21.1,-5.6,-26.8,1,21.200000000000003,-5.6,-26.7,1,21.2,-5.5,-26.7,1,21.1,-5.6,-26.7,1,21.1,-5.6,-26.8,1,21.200000000000003,-5.6,-26.7,1,21.2,-5.5,-26.8,1,21.200000000000003,-5.6,-26.7,1,21.2,-5.5,-26.7,1,21.2,-5.5,-26.7,1,21.2,-5.5,-26.7,1,21.2,-5.5,-26.8,1,21.200000000000003,-5.6,-26.8,1,21.200000000000003,-5.6,-26.7,1,21.299999999999997,-5.4,-26.7,1,21.2,-5.5,-26.7,1,21.2,-5.5,-26.7,1,21.2,-5.5,-26.7,1,21.1,-5.6,-26.7,1,21.2,-5.5,-26.7,1,21.2,-5.5,-26.6,1,21.3,-5.3,-26.6,1,21.200000000000003,-5.4,-26.7,1,21.299999999999997,-5.4,-26.7,1,21.299999999999997,-5.4,-26.7,1,21.299999999999997,-5.4,-26.7,1,21.299999999999997,-5.4,-26.7,1,21.2,-5.5,-26.7,1,21.299999999999997,-5.4,-26.7,1,21.2,-5.5,-26.7,1,21.2,-5.5,-26.7,1,21.299999999999997,-5.4,-26.7,1,21.2,-5.5,-26.6,1,21.0,-5.6,-26.7,1,21.1,-5.6,-26.7,1,21.1,-5.6,-26.7,1,21.0,-5.7,-26.7,1,21.0,-5.7,-26.6,1,20.900000000000002,-5.7,-26.7,1,20.9,-5.8,-26.7,1,20.9,-5.8,-26.6,1,21.0,-5.6,-26.7,1,21.1,-5.6,-26.7,1,21.0,-5.7,-26.7,1,21.0,-5.7,-26.6,1,21.0,-5.6,-26.7,1,21.0,-5.7,-26.7,1,21.1,-5.6,-26.7,1,21.1,-5.6,-26.7,1,21.2,-5.5,-26.7,1,21.1,-5.6,-26.7,1,21.2,-5.5,-26.7,1,21.2,-5.5,-26.7,1,21.299999999999997,-5.4,-26.8,1,21.3,-5.5,-26.7,1,21.299999999999997,-5.4,-26.7,1,21.2,-5.5,-26.8,1,21.3,-5.5,-26.8,1,21.3,-5.5,-26.7,1,21.299999999999997,-5.4,-26.7,1,21.2,-5.5,-26.7,1,21.2,-5.5,-26.7,1,21.1,-5.6,-26.7,1,21.0,-5.7,-26.7,1,21.0,-5.7,-26.7,1,21.0,-5.7,-26.8,1,20.9,-5.9,-26.8,1,20.9,-5.9,-26.7,1,20.7,-6.0,-26.7,1,20.6,-6.1,-26.7,1,20.6,-6.1,-26.8,1,20.8,-6.0,-26.7,1,20.7,-6.0,-26.7,1,20.7,-6.0,-26.7,1,20.7,-6.0,-26.8,1,20.700000000000003,-6.1,-26.7,1,20.7,-6.0,-26.8,1,20.700000000000003,-6.1,-26.7,1,20.6,-6.1,-26.7,1,20.6,-6.1,-26.7,1,20.5,-6.2,-26.7,1,20.4,-6.3,-26.7,1,20.4,-6.3,-26.7,1,20.5,-6.2,-26.7,1,20.6,-6.1,-26.8,1,20.6,-6.2,-26.7,1,20.6,-6.1,-26.7,1,20.799999999999997,-5.9,-26.6,1,20.700000000000003,-5.9
29,21.0,-7.82,13.24,-27.7,1,21.1,-6.6,-27.7,1,21.1,-6.6,-27.8,1,21.200000000000003,-6.6,-27.7,1,21.2,-6.5,-27.7,1,21.1,-6.6,-27.7,1,21.1,-6.6,-27.7,1,21.1,-6.6,-27.8,1,21.1,-6.7,-27.7,1,21.2,-6.5,-27.8,1,21.200000000000003,-6.6,-27.8,1,21.200000000000003,-6.6,-27.7,1,21.1,-6.6,-27.7,1,21.2,-6.5,-27.7,1,21.2,-6.5,-27.7,1,21.299999999999997,-6.4,-27.7,1,21.2,-6.5,-27.7,1,21.299999999999997,-6.4,-27.7,1,21.2,-6.5,-27.7,1,21.2,-6.5,-27.8,1,21.200000000000003,-6.6,-27.7,1,21.2,-6.5,-27.8,1,21.200000000000003,-6.6,-27.6,1,21.1,-6.5,-27.7,1,21.2,-6.5,-27.7,1,21.2,-6.5,-27.7,1,21.2,-6.5,-27.7,1,21.2,-6.5,-27.7,1,21.4,-6.3,-27.7,1,21.299999999999997,-6.4,-27.7,1,21.299999999999997,-6.4,-27.7,1,21.299999999999997,-6.4,-27.7,1,21.299999999999997,-6.4,-27.7,1,21.299999999999997,-6.4,-27.7,1,21.2,-6.5,-27.7,1,21.299999999999997,-6.4,-27.8,1,21.200000000000003,-6.6,-27.7,1,21.1,-6.6,-27.8,1,21.3,-6.5,-27.7,1,21.2,-6.5,-27.7,1,21.1,-6.6,-27.7,1,21.1,-6.6,-27.7,1,21.1,-6.6,-27.7,1,21.0,-6.7,-27.8,1,21.1,-6.7,-27.7,1,21.0,-6.7,-27.7,1,20.9,-6.8,-27.7,1,20.9,-6.8,-27.7,1,21.1,-6.6,-27.7,1,21.0,-6.7,-27.7,1,21.1,-6.6,-27.7,1,21.0,-6.7,-27.7,1,21.0,-6.7,-27.7,1,21.0,-6.7,-27.6,1,21.1,-6.5,-27.6,1,21.1,-6.5,-27.7,1,21.1,-6.6,-27.8,1,21.200000000000003,-6.6,-27.7,1,21.2,-6.5,-27.7,1,21.2,-6.5,-27.7,1,21.299999999999997,-6.4,-27.7,1,21.2,-6.5,-27.7,1,21.299999999999997,-6.4,-27.7,1,21.299999999999997,-6.4,-27.6,1,21.200000000000003,-6.4,-27.7,1,21.2,-6.5,-27.7,1,21.299999999999997,-6.4,-27.8,1,21.3,-6.5,-27.8,1,21.200000000000003,-6.6,-27.7,1,21.1,-6.6,-27.7,1,21.0,-6.7,-27.8,1,21.0,-6.8,-27.7,1,21.0,-6.7,-27.8,1,20.9,-6.9,-27.7,1,20.7,-7.0,-27.8,1,20.700000000000003,-7.1,-27.8,1,20.700000000000003,-7.1,-27.7,1,20.6,-7.1,-27.8,1,20.8,-7.0,-27.7,1,20.7,-7.0,-27.8,1,20.700000000000003,-7.1,-27.6,1,20.6,-7.0,-27.7,1,20.6,-7.1,-27.7,1,20.6,-7.1,-27.7,1,20.6,-7.1,-27.7,1,20.6,-7.1,-27.7,1,20.6,-7.1,-27.7,1,20.5,-7.2,-27.7,1,20.4,-7.3,-27.8,1,20.6,-7.2,-27.7,1,20.5,-7.2,-27.7,1,20.5,-7.2,-27.7,1,20.5,-7.2,-27.6,1,20.5,-7.1,-27.7,1,20.7,-7.0,-27.6,1,20.700000000000003,-6.9
30,21.0,-8.82,12.26,-28.7,1,21.1,-7.6,-28.7,1,21.1,-7.6,-28.7,1,21.2,-7.5,-28.7,1,21.1,-7.6,-28.7,1,21.1,-7.6,-28.7,1,21.1,-7.6,-28.7,1,21.0,-7.7,-28.7,1,21.1,-7.6,-28.7,1,21.2,-7.5,-28.7,1,21.2,-7.5,-28.7,1,21.2,-7.5,-28.7,1,21.2,-7.5,-28.8,1,21.200000000000003,-7.6,-28.7,1,21.2,-7.5,-28.7,1,21.299999999999997,-7.4,-28.7,1,21.299999999999997,-7.4,-28.7,1,21.299999999999997,-7.4,-28.7,1,21.299999999999997,-7.4,-28.7,1,21.2,-7.5,-28.7,1,21.2,-7.5,-28.7,1,21.2,-7.5,-28.6,1,21.200000000000003,-7.4,-28.6,1,21.1,-7.5,-28.8,1,21.3,-7.5,-28.7,1,21.2,-7.5,-28.7,1,21.2,-7.5,-28.7,1,21.299999999999997,-7.4,-28.7,1,21.4,-7.3,-28.7,1,21.299999999999997,-7.4,-28.7,1,21.299999999999997,-7.4,-28.7,1,21.4,-7.3,-28.7,1,21.299999999999997,-7.4,-28.7,1,21.299999999999997,-7.4,-28.7,1,21.299999999999997,-7.4,-28.7,1,21.299999999999997,-7.4,-28.8,1,21.200000000000003,-7.6,-28.7,1,21.2,-7.5,-28.7,1,21.4,-7.3,-28.6,1,21.200000000000003,-7.4,-28.8,1,21.1,-7.7,-28.7,1,21.1,-7.6,-28.8,1,21.1,-7.7,-28.7,1,21.0,-7.7,-28.7,1,21.0,-7.7,-28.8,1,21.0,-7.8,-28.7,1,20.9,-7.8,-28.8,1,21.0,-7.8,-28.8,1,21.1,-7.7,-28.7,1,21.1,-7.6,-28.7,1,21.1,-7.6,-28.7,1,21.0,-7.7,-28.7,1,21.0,-7.7,-28.7,1,21.1,-7.6,-28.7,1,21.1,-7.6,-28.8,1,21.200000000000003,-7.6,-28.7,1,21.2,-7.5,-28.7,1,21.2,-7.5,-28.7,1,21.2,-7.5,-28.7,1,21.299999999999997,-7.4,-28.7,1,21.299999999999997,-7.4,-28.7,1,21.299999999999997,-7.4,-28.7,1,21.4,-7.3,-28.7,1,21.299999999999997,-7.4,-28.7,1,21.2,-7.5,-28.7,1,21.2,-7.5,-28.8,1,21.3,-7.5,-28.8,1,21.3,-7.5,-28.7,1,21.2,-7.5,-28.7,1,21.1,-7.6,-28.8,1,21.1,-7.7,-28.7,1,21.0,-7.7,-28.7,1,21.0,-7.7,-28.7,1,20.9,-7.8,-28.6,1,20.8,-7.8,-28.7,1,20.7,-8.0,-28.6,1,20.6,-8.0,-28.7,1,20.6,-8.1,-28.8,1,20.8,-8.0,-28.7,1,20.7,-8.0,-28.7,1,20.7,-8.0,-28.6,1,20.6,-8.0,-28.8,1,20.700000000000003,-8.1,-28.7,1,20.6,-8.1,-28.6,1,20.6,-8.0,-28.6,1,20.5,-8.1,-28.7,1,20.6,-8.1,-28.7,1,20.5,-8.2,-28.7,1,20.5,-8.2,-28.7,1,20.5,-8.2,-28.7,1,20.5,-8.2,-28.8,1,20.5,-8.3,-28.7,1,20.6,-8.1,-28.8,1,20.700000000000003,-8.1,-28.8,1,20.700000000000003,-8.1,-28.6,1,20.6,-8.0
31,21.0,-8.08,12.98,-26.3,1,21.0,-5.3,-47.9,0,22.099999999999998,-25.8,-25.0,1,21.0,-4.0,-47.1,0,21.6,-25.5,-25.0,1,21.1,-3.9,-47.1,0,21.6,-25.5,-25.0,1,21.1,-3.9,-47.4,0,21.7,-25.7,-25.0,1,21.1,-3.9,-47.4,0,21.599999999999998,-25.8,-25.0,1,21.2,-3.8,-47.8,0,21.999999999999996,-25.8,-25.0,1,21.2,-3.8,-48.2,0,22.300000000000004,-25.9,-25.0,1,21.2,-3.8,-47.7,0,21.800000000000004,-25.9,-25.0,1,21.2,-3.8,-47.5,0,21.4,-26.1,-25.0,1,21.2,-3.8,-47.6,0,21.5,-26.1,-25.0,1,21.2,-3.8,-48.3,0,21.999999999999996,-26.3,-25.0,1,21.2,-3.8,-48.0,0,22.8,-25.2,-25.1,1,21.200000000000003,-3.9,-48.3,0,22.199999999999996,-26.1,-25.0,1,21.2,-3.8,-48.8,0,22.799999999999997,-26.0,-25.0,1,21.3,-3.7,-49.1,0,22.900000000000002,-26.2,-25.0,1,21.3,-3.7,-48.6,0,22.400000000000002,-26.2,-25.0,1,21.3,-3.7,-48.2,0,22.000000000000004,-26.2,-25.0,1,21.2,-3.8,-47.9,0,21.599999999999998,-26.3,-25.0,1,21.1,-3.9,-48.3,0,22.099999999999998,-26.2,-24.9,1,21.099999999999998,-3.8,-48.6,0,22.200000000000003,-26.4,-25.0,1,21.1,-3.9,-48.8,0,22.299999999999997,-26.5,-24.9,1,21.0,-3.9,-48.6,0,22.1,-26.5,-25.0,1,21.0,-4.0,-48.6,0,22.1,-26.5,-25.0,1,20.9,-4.1,-48.5,0,21.9,-26.6,-25.0,1,21.0,-4.0,-48.0,0,21.5,-26.5,-25.0,1,21.0,-4.0,-47.6,0,21.1,-26.5,-25.0,1,21.1,-3.9,-47.8,0,21.199999999999996,-26.6,-25.0,1,21.2,-3.8,-48.6,0,22.0,-26.6,-25.0,1,21.1,-3.9,-48.8,0,22.299999999999997,-26.5,-25.1,1,21.3,-3.8,-48.3,0,21.799999999999997,-26.5,-24.9,1,21.2,-3.7,-47.1,0,21.200000000000003,-25.9,-25.1,1,21.3,-3.8,-48.8,0,22.099999999999998,-26.7,-25.0,1,21.2,-3.8,-48.9,0,22.099999999999998,-26.8,-25.0,1,21.2,-3.8,-49.1,0,22.400000000000002,-26.7,-25.0,1,21.1,-3.9,-49.1,0,22.400000000000002,-26.7,-25.0,1,21.0,-4.0,-49.5,0,22.3,-27.2,-25.0,1,20.9,-4.1,-48.9,0,21.7,-27.2,-25.1,1,20.700000000000003,-4.4,-49.2,0,22.000000000000004,-27.2,-25.0,1,20.5,-4.5,-49.4,0,22.099999999999998,-27.3,-25.0,1,20.6,-4.4,-49.2,0,21.800000000000004,-27.4,-25.0,1,20.6,-4.4,-49.4,0,22.0,-27.4,-25.1,1,20.700000000000003,-4.4,-49.7,0,22.200000000000003,-27.5,-25.0,1,20.5,-4.5,-49.4,0,21.9,-27.5,-25.0,1,20.5,-4.5,-50.0,0,22.2,-27.8,-24.9,1,20.4,-4.5,-50.0,0,22.2,-27.8,-25.0,1,20.5,-4.5,-50.0,0,22.2,-27.8,-25.0,1,20.6,-4.4,-50.0,0,22.2,-27.8,-25.0,1,20.7,-4.3
32,21.0,-12.06,9.1,-28.9,1,21.099999999999998,-7.8,-48.4,0,22.099999999999998,-26.3,-29.0,1,21.1,-7.9,-48.3,0,21.999999999999996,-26.3,-29.0,1,21.0,-8.0,-48.5,0,22.2,-26.3,-29.0,1,21.1,-7.9,-48.5,0,22.1,-26.4,-29.0,1,21.1,-7.9,-48.6,0,22.0,-26.6,-29.0,1,21.1,-7.9,-49.0,0,22.4,-26.6,-29.0,1,21.2,-7.8,-49.0,0,22.3,-26.7,-29.0,1,21.2,-7.8,-48.4,0,21.799999999999997,-26.6,-29.0,1,21.2,-7.8,-48.5,0,21.9,-26.6,-28.9,1,21.2,-7.7,-48.9,0,22.2,-26.7,-28.9,1,21.2,-7.7,-49.3,0,22.4,-26.9,-29.0,1,21.2,-7.8,-49.2,0,23.900000000000002,-25.3,-29.0,1,21.3,-7.7,-49.7,0,22.900000000000002,-26.8,-29.0,1,21.2,-7.8,-49.7,0,23.000000000000004,-26.7,-29.0,1,21.4,-7.6,-49.9,0,23.099999999999998,-26.8,-29.1,1,21.400000000000002,-7.7,-49.3,0,22.4,-26.9,-29.0,1,21.3,-7.7,-49.1,0,22.3,-26.8,-29.0,1,21.3,-7.7,-48.7,0,21.900000000000002,-26.8,-29.0,1,21.2,-7.8,-49.2,0,22.500000000000004,-26.7,-29.1,1,21.200000000000003,-7.9,-49.6,0,22.6,-27.0,-29.0,1,21.1,-7.9,-49.5,0,22.5,-27.0,-29.0,1,21.0,-8.0,-49.5,0,22.6,-26.9,-29.1,1,21.0,-8.1,-49.5,0,22.4,-27.1,-29.0,1,20.9,-8.1,-49.2,0,22.200000000000003,-27.0,-29.0,1,21.1,-7.9,-48.9,0,21.9,-27.0,-29.0,1,21.0,-8.0,-48.1,0,21.200000000000003,-26.9,-29.0,1,21.1,-7.9,-48.3,0,21.4,-26.9,-28.9,1,21.099999999999998,-7.8,-49.5,0,22.5,-27.0,-29.0,1,21.2,-7.8,-49.4,0,22.5,-26.9,-28.9,1,21.2,-7.7,-49.1,0,22.3,-26.8,-29.1,1,21.3,-7.8,-47.8,0,21.599999999999998,-26.2,-29.0,1,21.3,-7.7,-49.7,0,22.6,-27.1,-29.0,1,21.3,-7.7,-49.7,0,22.6,-27.1,-29.1,1,21.3,-7.8,-50.0,0,22.8,-27.2,-28.9,1,21.099999999999998,-7.8,-50.0,0,22.7,-27.3,-28.9,1,21.099999999999998,-7.8,-50.0,0,22.5,-27.5,-29.0,1,20.9,-8.1,-49.8,0,22.299999999999997,-27.5,-28.9,1,20.7,-8.2,-50.0,0,22.5,-27.5,-29.1,1,20.700000000000003,-8.4,-50.0,0,22.3,-27.7,-29.0,1,20.7,-8.3,-50.0,0,22.2,-27.8,-29.1,1,20.700000000000003,-8.4,-50.0,0,22.3,-27.7,-28.9,1,20.7,-8.2,-50.0,0,22.2,-27.8,-29.0,1,20.6,-8.4,-50.0,0,22.2,-27.8,-29.0,1,20.5,-8.5,-50.0,0,21.9,-28.1,-29.1,1,20.6,-8.5,-50.0,0,22.0,-28.0,-29.0,1,20.5,-8.5,-50.0,0,21.9,-28.1,-29.0,1,20.6,-8.4,-50.0,0,22.1,-27.9,-29.0,1,20.7,-8.3
33,21.0,-7.96,13.11,-50.0,0,23.5,-26.5,-24.8,1,21.1,-3.7,-47.1,0,21.5,-25.6,-24.8,1,21.1,-3.7,-47.1,0,21.6,-25.5,-24.8,1,21.1,-3.7,-46.7,0,21.1,-25.6,-24.8,1,21.1,-3.7,-47.5,0,21.6,-25.9,-24.8,1,21.1,-3.7,-47.4,0,21.599999999999998,-25.8,-24.8,1,21.2,-3.6,-47.9,0,21.799999999999997,-26.1,-24.8,1,21.2,-3.6,-47.9,0,22.099999999999998,-25.8,-24.7,1,21.2,-3.5,-47.5,0,21.6,-25.9,-24.8,1,21.2,-3.6,-47.0,0,21.3,-25.7,-24.8,1,21.2,-3.6,-48.1,0,22.3,-25.8,-24.7,1,21.099999999999998,-3.6,-48.1,0,22.0,-26.1,-24.9,1,21.2,-3.7,-48.5,0,22.5,-26.0,-24.8,1,21.2,-3.6,-48.3,0,22.199999999999996,-26.1,-24.8,1,21.400000000000002,-3.4,-48.3,0,22.199999999999996,-26.1,-24.8,1,21.3,-3.5,-48.3,0,21.999999999999996,-26.3,-24.8,1,21.2,-3.6,-48.6,0,22.400000000000002,-26.2,-24.9,1,21.299999999999997,-3.6,-48.1,0,21.900000000000002,-26.2,-24.8,1,21.2,-3.6,-48.2,0,21.900000000000002,-26.3,-24.8,1,21.3,-3.5,-48.4,0,21.9,-26.5,-24.8,1,21.1,-3.7,-48.7,0,22.1,-26.6,-24.8,1,21.1,-3.7,-48.4,0,21.799999999999997,-26.6,-24.7,1,20.9,-3.8,-48.4,0,21.9,-26.5,-24.9,1,21.0,-3.9,-48.4,0,21.9,-26.5,-24.8,1,21.0,-3.8,-47.9,0,21.4,-26.5,-24.8,1,21.0,-3.8,-47.5,0,21.1,-26.4,-24.8,1,21.0,-3.8,-48.0,0,21.6,-26.4,-24.8,1,21.1,-3.7,-48.3,0,21.699999999999996,-26.6,-24.8,1,21.0,-3.8,-48.4,0,21.9,-26.5,-24.9,1,21.2,-3.7,-48.4,0,22.0,-26.4,-24.8,1,21.3,-3.5,-48.0,0,21.6,-26.4,-24.9,1,21.299999999999997,-3.6,-48.7,0,22.000000000000004,-26.7,-24.8,1,21.3,-3.5,-48.9,0,22.2,-26.7,-24.8,1,21.2,-3.6,-49.3,0,22.499999999999996,-26.8,-24.7,1,21.099999999999998,-3.6,-48.9,0,22.2,-26.7,-24.8,1,21.1,-3.7,-48.8,0,21.999999999999996,-26.8,-24.8,1,20.900000000000002,-3.9,-49.1,0,22.200000000000003,-26.9,-24.8,1,20.8,-4.0,-49.1,0,21.900000000000002,-27.2,-24.9,1,20.7,-4.2,-49.4,0,22.0,-27.4,-24.8,1,20.700000000000003,-4.1,-49.8,0,22.299999999999997,-27.5,-24.8,1,20.6,-4.2,-49.9,0,22.4,-27.5,-24.8,1,20.6,-4.2,-49.4,0,21.799999999999997,-27.6,-24.7,1,20.5,-4.2,-49.4,0,22.0,-27.4,-24.8,1,20.5,-4.3,-50.0,0,22.2,-27.8,-24.8,1,20.5,-4.3,-49.7,0,21.900000000000002,-27.8,-24.7,1,20.4,-4.3,-50.0,0,22.1,-27.9,-24.8,1,20.5,-4.3,-49.9,0,22.0,-27.9,-24.8,1,20.700000000000003,-4.1,-49.4,0,21.7,-27.7
34,21.0,-11.95,9.21,-50.0,0,23.2,-26.8,-28.8,1,21.1,-7.7,-48.4,0,22.0,-26.4,-28.8,1,21.1,-7.7,-48.3,0,21.999999999999996,-26.3,-28.7,1,21.1,-7.6,-47.8,0,21.4,-26.4,-28.8,1,21.1,-7.7,-48.6,0,22.1,-26.5,-28.8,1,21.200000000000003,-7.6,-48.6,0,22.1,-26.5,-28.8,1,21.200000000000003,-7.6,-49.0,0,22.5,-26.5,-28.8,1,21.200000000000003,-7.6,-48.9,0,22.4,-26.5,-28.9,1,21.299999999999997,-7.6,-48.8,0,22.099999999999998,-26.7,-28.8,1,21.3,-7.5,-48.3,0,21.9,-26.4,-28.8,1,21.200000000000003,-7.6,-49.2,0,22.800000000000004,-26.4,-28.7,1,21.2,-7.5,-49.1,0,22.400000000000002,-26.7,-28.8,1,21.200000000000003,-7.6,-49.2,0,22.6,-26.6,-28.9,1,21.299999999999997,-7.6,-49.5,0,22.7,-26.8,-28.8,1,21.4,-7.4,-49.4,0,22.599999999999998,-26.8,-28.8,1,21.3,-7.5,-49.3,0,22.499999999999996,-26.8,-28.9,1,21.299999999999997,-7.6,-49.5,0,22.7,-26.8,-28.7,1,21.299999999999997,-7.4,-48.8,0,21.999999999999996,-26.8,-28.8,1,21.200000000000003,-7.6,-49.2,0,22.400000000000002,-26.8,-28.9,1,21.4,-7.5,-49.4,0,22.5,-26.9,-28.8,1,21.1,-7.7,-49.2,0,22.200000000000003,-27.0,-28.8,1,21.1,-7.7,-49.3,0,22.199999999999996,-27.1,-28.9,1,21.099999999999998,-7.8,-49.3,0,22.199999999999996,-27.1,-28.9,1,21.0,-7.9,-49.4,0,22.2,-27.2,-28.8,1,21.1,-7.7,-48.8,0,21.9,-26.9,-28.9,1,21.099999999999998,-7.8,-48.2,0,21.400000000000002,-26.8,-28.8,1,21.1,-7.7,-48.6,0,21.8,-26.8,-28.8,1,21.200000000000003,-7.6,-48.9,0,22.0,-26.9,-28.9,1,21.2,-7.7,-49.0,0,22.0,-27.0,-28.7,1,21.2,-7.5,-49.2,0,22.300000000000004,-26.9,-28.8,1,21.3,-7.5,-48.9,0,22.0,-26.9,-28.8,1,21.3,-7.5,-49.7,0,22.700000000000003,-27.0,-28.7,1,21.299999999999997,-7.4,-49.9,0,22.799999999999997,-27.1,-28.8,1,21.3,-7.5,-50.0,0,22.9,-27.1,-28.8,1,21.1,-7.7,-50.0,0,22.9,-27.1,-28.8,1,21.1,-7.7,-49.8,0,22.499999999999996,-27.3,-28.8,1,21.0,-7.8,-50.0,0,22.6,-27.4,-28.8,1,20.8,-8.0,-50.0,0,22.5,-27.5,-28.8,1,20.700000000000003,-8.1,-50.0,0,22.4,-27.6,-28.8,1,20.700000000000003,-8.1,-50.0,0,22.3,-27.7,-28.8,1,20.6,-8.2,-50.0,0,22.3,-27.7,-28.8,1,20.700000000000003,-8.1,-50.0,0,22.2,-27.8,-28.8,1,20.6,-8.2,-50.0,0,22.2,-27.8,-28.7,1,20.5,-8.2,-50.0,0,22.0,-28.0,-28.8,1,20.4,-8.4,-50.0,0,22.1,-27.9,-28.8,1,20.5,-8.3,-50.0,0,22.0,-28.0,-28.8,1,20.5,-8.3,-50.0,0,22.1,-27.9,-28.7,1,20.6,-8.1,-50.0,0,22.1,-27.9
35,21.0,-8.12,12.95,-26.3,1,21.0,-5.3,-24.9,1,21.0,-3.9,-25.0,1,21.0,-4.0,-24.9,1,21.0,-3.9,-25.0,1,21.0,-4.0,-25.0,1,21.0,-4.0,-25.0,1,20.9,-4.1,-25.0,1,21.0,-4.0,-25.0,1,21.0,-4.0,-25.0,1,21.0,-4.0,-24.9,1,21.0,-3.9,-25.0,1,21.0,-4.0,-25.0,1,21.0,-4.0,-25.0,1,20.9,-4.1,-25.0,1,21.1,-3.9,-25.0,1,21.0,-4.0,-25.0,1,21.1,-3.9,-25.0,1,21.0,-4.0,-25.1,1,21.0,-4.1,-25.0,1,20.9,-4.1,-25.0,1,21.0,-4.0,-25.1,1,21.0,-4.1,-25.0,1,20.9,-4.1,-25.0,1,20.9,-4.1,-25.0,1,20.9,-4.1,-25.0,1,21.0,-4.0,-25.0,1,21.0,-4.0,-25.0,1,21.1,-3.9,-25.0,1,21.1,-3.9,-25.0,1,21.1,-3.9,-25.0,1,21.1,-3.9,-25.0,1,21.0,-4.0,-25.1,1,21.1,-4.0,-25.0,1,21.0,-4.0,-25.0,1,21.0,-4.0,-25.0,1,21.0,-4.0,-25.0,1,21.0,-4.0,-25.0,1,21.1,-3.9,-25.0,1,20.9,-4.1,-25.0,1,20.9,-4.1,-25.0,1,20.9,-4.1,-25.0,1,20.9,-4.1,-25.0,1,20.8,-4.2,-25.0,1,20.8,-4.2,-25.0,1,20.8,-4.2,-25.0,1,20.8,-4.2,-25.0,1,20.8,-4.2,-25.0,1,20.9,-4.1,-48.0,0,21.2,-26.8,-50.0,0,22.3,-27.7,-50.0,0,22.4,-27.6,-49.8,0,22.4,-27.4,-50.0,0,22.6,-27.4,-50.0,0,22.5,-27.5,-50.0,0,22.5,-27.5,-50.0,0,22.4,-27.6,-50.0,0,22.4,-27.6,-50.0,0,22.5,-27.5,-50.0,0,22.5,-27.5,-50.0,0,22.5,-27.5,-50.0,0,22.4,-27.6,-49.5,0,23.0,-26.5,-50.0,0,22.4,-27.6,-50.0,0,22.3,-27.7,-50.0,0,22.4,-27.6,-50.0,0,22.4,-27.6,-50.0,0,22.3,-27.7,-50.0,0,22.3,-27.7,-50.0,0,22.2,-27.8,-50.0,0,22.2,-27.8,-50.0,0,22.1,-27.9,-50.0,0,22.0,-28.0,-50.0,0,22.0,-28.0,-50.0,0,21.9,-28.1,-50.0,0,21.9,-28.1,-50.0,0,21.9,-28.1,-50.0,0,21.8,-28.2,-50.0,0,21.9,-28.1,-50.0,0,21.9,-28.1,-50.0,0,21.9,-28.1,-50.0,0,22.0,-28.0,-50.0,0,21.9,-28.1,-50.0,0,21.9,-28.1,-50.0,0,22.0,-28.0,-50.0,0,21.9,-28.1,-50.0,0,21.9,-28.1,-50.0,0,21.7,-28.3,-50.0,0,21.7,-28.3,-50.0,0,21.7,-28.3,-50.0,0,21.7,-28.3,-50.0,0,21.7,-28.3,-50.0,0,21.7,-28.3,-50.0,0,21.7,-28.3,-50.0,0,21.6,-28.4,-50.0,0,21.7,-28.3
36,21.0,-12.11,9.07,-28.9,1,21.0,-7.9,-29.0,1,21.1,-7.9,-29.1,1,21.1,-8.0,-29.1,1,21.0,-8.1,-29.0,1,21.0,-8.0,-29.0,1,21.0,-8.0,-28.9,1,20.9,-8.0,-29.0,1,21.0,-8.0,-29.0,1,21.1,-7.9,-29.0,1,21.1,-7.9,-29.1,1,21.1,-8.0,-29.0,1,21.0,-8.0,-28.9,1,21.0,-7.9,-28.9,1,21.0,-7.9,-29.0,1,21.1,-7.9,-29.0,1,21.1,-7.9,-29.0,1,21.1,-7.9,-29.0,1,21.0,-8.0,-29.0,1,21.0,-8.0,-28.9,1,21.0,-7.9,-29.0,1,21.1,-7.9,-29.0,1,21.1,-7.9,-29.0,1,21.0,-8.0,-29.0,1,21.0,-8.0,-28.9,1,21.0,-7.9,-29.0,1,21.0,-8.0,-29.0,1,21.1,-7.9,-29.0,1,21.2,-7.8,-29.0,1,21.1,-7.9,-29.0,1,21.1,-7.9,-29.0,1,21.1,-7.9,-29.0,1,21.1,-7.9,-29.1,1,21.200000000000003,-7.9,-29.0,1,21.1,-7.9,-29.0,1,21.1,-7.9,-28.9,1,20.9,-8.0,-29.0,1,21.0,-8.0,-29.0,1,21.1,-7.9,-29.0,1,21.0,-8.0,-29.0,1,20.9,-8.1,-29.0,1,20.9,-8.1,-29.0,1,20.9,-8.1,-29.0,1,20.8,-8.2,-29.0,1,20.9,-8.1,-29.1,1,20.900000000000002,-8.2,-29.0,1,20.8,-8.2,-29.0,1,20.7,-8.3,-29.0,1,20.9,-8.1,-48.9,0,21.799999999999997,-27.1,-50.0,0,22.4,-27.6,-50.0,0,22.5,-27.5,-49.9,0,22.4,-27.5,-50.0,0,22.8,-27.2,-50.0,0,22.5,-27.5,-50.0,0,22.5,-27.5,-50.0,0,22.4,-27.6,-50.0,0,22.5,-27.5,-50.0,0,22.6,-27.4,-50.0,0,22.4,-27.6,-50.0,0,22.5,-27.5,-50.0,0,22.5,-27.5,-49.6,0,23.400000000000002,-26.2,-50.0,0,22.4,-27.6,-50.0,0,22.4,-27.6,-50.0,0,22.4,-27.6,-50.0,0,22.4,-27.6,-50.0,0,22.3,-27.7,-50.0,0,22.3,-27.7,-50.0,0,22.2,-27.8,-50.0,0,22.2,-27.8,-50.0,0,22.0,-28.0,-50.0,0,22.0,-28.0,-50.0,0,22.0,-28.0,-50.0,0,21.9,-28.1,-50.0,0,21.9,-28.1,-50.0,0,21.9,-28.1,-50.0,0,21.8,-28.2,-50.0,0,21.8,-28.2,-50.0,0,21.8,-28.2,-50.0,0,21.9,-28.1,-50.0,0,21.9,-28.1,-50.0,0,22.0,-28.0,-50.0,0,21.9,-28.1,-50.0,0,21.9,-28.1,-50.0,0,21.9,-28.1,-50.0,0,21.8,-28.2,-50.0,0,21.7,-28.3,-50.0,0,21.8,-28.2,-50.0,0,21.7,-28.3,-50.0,0,21.7,-28.3,-50.0,0,21.6,-28.4,-50.0,0,21.6,-28.4,-50.0,0,21.7,-28.3,-50.0,0,21.7,-28.3,-50.0,0,21.7,-28.3
37,21.0,-7.96,13.1,-50.0,0,23.4,-26.6,-50.0,0,23.2,-26.8,-50.0,0,23.2,-26.8,-50.0,0,23.2,-26.8,-50.0,0,23.2,-26.8,-50.0,0,23.2,-26.8,-49.6,0,22.8,-26.8,-50.0,0,23.2,-26.8,-50.0,0,23.1,-26.9,-50.0,0,23.2,-26.8,-50.0,0,23.1,-26.9,-50.0,0,23.2,-26.8,-50.0,0,23.2,-26.8,-50.0,0,23.1,-26.9,-50.0,0,23.2,-26.8,-50.0,0,23.0,-27.0,-50.0,0,23.1,-26.9,-50.0,0,23.1,-26.9,-50.0,0,23.3,-26.7,-50.0,0,23.2,-26.8,-50.0,0,23.5,-26.5,-50.0,0,23.0,-27.0,-50.0,0,23.1,-26.9,-50.0,0,24.4,-25.6,-50.0,0,23.3,-26.7,-50.0,0,23.0,-27.0,-50.0,0,23.0,-27.0,-50.0,0,23.1,-26.9,-50.0,0,23.1,-26.9,-50.0,0,23.0,-27.0,-50.0,0,23.0,-27.0,-50.0,0,23.0,-27.0,-50.0,0,23.1,-26.9,-50.0,0,23.1,-26.9,-50.0,0,23.0,-27.0,-50.0,0,23.1,-26.9,-50.0,0,23.0,-27.0,-50.0,0,23.2,-26.8,-50.0,0,23.0,-27.0,-50.0,0,22.8,-27.2,-50.0,0,22.9,-27.1,-50.0,0,23.0,-27.0,-50.0,0,22.8,-27.2,-50.0,0,22.8,-27.2,-50.0,0,22.7,-27.3,-50.0,0,22.7,-27.3,-50.0,0,22.7,-27.3,-50.0,0,23.0,-27.0,-24.8,1,21.3,-3.5,-24.8,1,21.3,-3.5,-24.8,1,21.3,-3.5,-24.8,1,21.2,-3.6,-24.9,1,21.299999999999997,-3.6,-24.8,1,21.3,-3.5,-24.9,1,21.299999999999997,-3.6,-24.8,1,21.3,-3.5,-24.8,1,21.3,-3.5,-24.8,1,21.400000000000002,-3.4,-24.8,1,21.400000000000002,-3.4,-24.8,1,21.5,-3.3,-24.8,1,21.5,-3.3,-24.9,1,21.5,-3.4,-24.7,1,21.5,-3.2,-24.8,1,21.5,-3.3,-24.9,1,21.4,-3.5,-24.8,1,21.400000000000002,-3.4,-24.8,1,21.400000000000002,-3.4,-24.8,1,21.3,-3.5,-24.8,1,21.3,-3.5,-24.9,1,21.299999999999997,-3.6,-24.8,1,21.2,-3.6,-24.8,1,21.2,-3.6,-24.8,1,21.0,-3.8,-24.8,1,21.0,-3.8,-24.8,1,20.8,-4.0,-24.8,1,20.8,-4.0,-24.9,1,20.799999999999997,-4.1,-24.8,1,20.8,-4.0,-24.8,1,20.8,-4.0,-24.8,1,20.8,-4.0,-24.8,1,20.8,-4.0,-24.8,1,20.8,-4.0,-24.8,1,20.700000000000003,-4.1,-24.9,1,20.7,-4.2,-24.8,1,20.6,-4.2,-24.8,1,20.6,-4.2,-24.8,1,20.6,-4.2,-24.9,1,20.599999999999998,-4.3,-24.9,1,20.599999999999998,-4.3,-24.9,1,20.599999999999998,-4.3,-24.8,1,20.700000000000003,-4.1,-24.8,1,20.700000000000003,-4.1,-24.9,1,20.9,-4.0,-24.8,1,21.0,-3.8,-24.8,1,21.1,-3.7
38,21.0,-11.87,9.29,-50.0,0,23.4,-26.6,-50.0,0,23.2,-26.8,-50.0,0,23.3,-26.7,-50.0,0,23.3,-26.7,-50.0,0,23.3,-26.7,-50.0,0,23.2,-26.8,-49.9,0,23.099999999999998,-26.8,-50.0,0,23.1,-26.9,-50.0,0,23.2,-26.8,-50.0,0,23.1,-26.9,-50.0,0,23.1,-26.9,-50.0,0,23.1,-26.9,-50.0,0,23.2,-26.8,-50.0,0,23.0,-27.0,-50.0,0,23.1,-26.9,-50.0,0,23.0,-27.0,-50.0,0,23.0,-27.0,-50.0,0,23.1,-26.9,-50.0,0,23.4,-26.6,-50.0,0,23.1,-26.9,-50.0,0,23.4,-26.6,-50.0,0,22.9,-27.1,-50.0,0,23.1,-26.9,-50.0,0,24.4,-25.6,-50.0,0,23.3,-26.7,-50.0,0,23.0,-27.0,-50.0,0,23.0,-27.0,-50.0,0,23.1,-26.9,-50.0,0,23.0,-27.0,-50.0,0,23.0,-27.0,-50.0,0,23.0,-27.0,-50.0,0,23.0,-27.0,-50.0,0,23.1,-26.9,-50.0,0,23.0,-27.0,-50.0,0,23.0,-27.0,-50.0,0,23.0,-27.0,-50.0,0,22.9,-27.1,-50.0,0,23.2,-26.8,-50.0,0,23.0,-27.0,-50.0,0,22.9,-27.1,-50.0,0,22.9,-27.1,-50.0,0,22.9,-27.1,-50.0,0,22.8,-27.2,-50.0,0,22.8,-27.2,-50.0,0,22.6,-27.4,-50.0,0,22.7,-27.3,-50.0,0,22.8,-27.2,-50.0,0,22.7,-27.3,-28.7,1,21.299999999999997,-7.4,-28.7,1,21.299999999999997,-7.4,-28.8,1,21.3,-7.5,-28.7,1,21.299999999999997,-7.4,-28.7,1,21.299999999999997,-7.4,-28.6,1,21.3,-7.3,-28.7,1,21.299999999999997,-7.4,-28.7,1,21.299999999999997,-7.4,-28.7,1,21.4,-7.3,-28.7,1,21.4,-7.3,-28.7,1,21.4,-7.3,-28.7,1,21.5,-7.2,-28.7,1,21.4,-7.3,-28.7,1,21.6,-7.1,-28.7,1,21.5,-7.2,-28.7,1,21.5,-7.2,-28.7,1,21.4,-7.3,-28.8,1,21.5,-7.3,-28.8,1,21.4,-7.4,-28.7,1,21.4,-7.3,-28.7,1,21.299999999999997,-7.4,-28.6,1,21.200000000000003,-7.4,-28.7,1,21.2,-7.5,-28.7,1,21.2,-7.5,-28.7,1,21.1,-7.6,-28.7,1,21.0,-7.7,-28.7,1,20.9,-7.8,-28.7,1,20.799999999999997,-7.9,-28.7,1,20.799999999999997,-7.9,-28.7,1,20.799999999999997,-7.9,-28.7,1,20.799999999999997,-7.9,-28.7,1,20.799999999999997,-7.9,-28.6,1,20.8,-7.8,-28.7,1,20.7,-8.0,-28.7,1,20.7,-8.0,-28.7,1,20.7,-8.0,-28.6,1,20.6,-8.0,-28.6,1,20.6,-8.0,-28.7,1,20.6,-8.1,-28.7,1,20.6,-8.1,-28.7,1,20.6,-8.1,-28.7,1,20.6,-8.1,-28.8,1,20.700000000000003,-8.1,-28.8,1,20.8,-8.0,-28.7,1,20.799999999999997,-7.9,-28.8,1,21.0,-7.8,-28.7,1,21.0,-7.7
